the_geom,cartodb_id,dt_start,dt_end,fishfry_uuid
,4208,2017-03-17 15:00:00+00,2017-03-17 17:00:00+00,12cd2dec-63fb-4b2b-8503-b64d9e100abe
,4209,2017-03-10 21:00:00+00,2017-03-11 00:30:00+00,12cd2dec-63fb-4b2b-8503-b64d9e100abe
,4210,2017-03-31 20:00:00+00,2017-03-31 23:30:00+00,12cd2dec-63fb-4b2b-8503-b64d9e100abe
,4211,2017-03-10 16:00:00+00,2017-03-10 18:00:00+00,12cd2dec-63fb-4b2b-8503-b64d9e100abe
,4212,2017-03-24 20:00:00+00,2017-03-24 23:30:00+00,12cd2dec-63fb-4b2b-8503-b64d9e100abe
,4213,2017-04-07 20:00:00+00,2017-04-07 23:30:00+00,12cd2dec-63fb-4b2b-8503-b64d9e100abe
,4214,2017-03-03 21:00:00+00,2017-03-04 00:30:00+00,12cd2dec-63fb-4b2b-8503-b64d9e100abe
,4215,2017-04-07 15:00:00+00,2017-04-07 17:00:00+00,12cd2dec-63fb-4b2b-8503-b64d9e100abe
,2411,2017-03-01 20:00:00+00,2017-03-02 00:00:00+00,88
,2412,2017-03-31 15:00:00+00,2017-03-31 23:00:00+00,88
,2413,2017-04-07 15:00:00+00,2017-04-07 23:00:00+00,88
,2414,2017-03-10 16:00:00+00,2017-03-11 00:00:00+00,88
,2415,2017-03-24 15:00:00+00,2017-03-24 23:00:00+00,88
,2416,2017-04-14 15:00:00+00,2017-04-14 23:00:00+00,88
,2417,2017-03-03 16:00:00+00,2017-03-04 00:00:00+00,88
,2418,2017-03-10 16:30:00+00,2017-03-11 01:00:00+00,d3a02b9d-e8e0-48e2-bc3a-5473d4bc3c06
,2419,2017-03-03 16:30:00+00,2017-03-04 01:00:00+00,d3a02b9d-e8e0-48e2-bc3a-5473d4bc3c06
,2420,2017-03-31 15:30:00+00,2017-04-01 00:00:00+00,d3a02b9d-e8e0-48e2-bc3a-5473d4bc3c06
,2421,2017-03-24 15:30:00+00,2017-03-25 00:00:00+00,d3a02b9d-e8e0-48e2-bc3a-5473d4bc3c06
,2422,2017-03-17 15:30:00+00,2017-03-18 00:00:00+00,d3a02b9d-e8e0-48e2-bc3a-5473d4bc3c06
,2423,2017-04-14 15:30:00+00,2017-04-15 00:00:00+00,d3a02b9d-e8e0-48e2-bc3a-5473d4bc3c06
,2424,2017-04-07 15:30:00+00,2017-04-08 00:00:00+00,d3a02b9d-e8e0-48e2-bc3a-5473d4bc3c06
,4216,2017-03-17 20:00:00+00,2017-03-17 23:30:00+00,12cd2dec-63fb-4b2b-8503-b64d9e100abe
,4217,2017-03-24 15:00:00+00,2017-03-24 17:00:00+00,12cd2dec-63fb-4b2b-8503-b64d9e100abe
,4218,2017-03-31 15:00:00+00,2017-03-31 17:00:00+00,12cd2dec-63fb-4b2b-8503-b64d9e100abe
,4219,2017-03-03 16:00:00+00,2017-03-03 18:00:00+00,12cd2dec-63fb-4b2b-8503-b64d9e100abe
,3396,2017-04-07 20:30:00+00,2017-04-07 23:00:00+00,13
,3397,2017-03-03 21:30:00+00,2017-03-04 00:00:00+00,13
,3398,2017-03-31 20:30:00+00,2017-03-31 23:00:00+00,13
,3399,2017-03-10 21:30:00+00,2017-03-11 00:00:00+00,13
,2433,2017-03-24 20:00:00+00,2017-03-25 06:00:00+00,2388e828-cd9b-4c65-ab4f-da971a9b441b
,2434,2017-03-31 20:00:00+00,2017-04-01 06:00:00+00,2388e828-cd9b-4c65-ab4f-da971a9b441b
,2435,2017-03-17 20:00:00+00,2017-03-18 06:00:00+00,2388e828-cd9b-4c65-ab4f-da971a9b441b
,2436,2017-03-03 21:00:00+00,2017-03-04 07:00:00+00,2388e828-cd9b-4c65-ab4f-da971a9b441b
,2437,2017-04-14 20:00:00+00,2017-04-15 06:00:00+00,2388e828-cd9b-4c65-ab4f-da971a9b441b
,2438,2017-04-07 20:00:00+00,2017-04-08 06:00:00+00,2388e828-cd9b-4c65-ab4f-da971a9b441b
,2439,2017-03-10 21:00:00+00,2017-03-11 07:00:00+00,2388e828-cd9b-4c65-ab4f-da971a9b441b
,4348,2017-03-31 20:00:00+00,2017-03-31 23:00:00+00,3
,4349,2017-04-14 20:00:00+00,2017-04-14 23:00:00+00,3
,2442,2017-03-01 15:30:00+00,2017-03-01 23:00:00+00,04c271e4-431c-4e97-b2a1-23ce3ed1790d
,2443,2017-04-14 14:30:00+00,2017-04-14 22:00:00+00,04c271e4-431c-4e97-b2a1-23ce3ed1790d
,2444,2017-03-17 14:30:00+00,2017-03-17 22:00:00+00,04c271e4-431c-4e97-b2a1-23ce3ed1790d
,2445,2017-03-10 15:30:00+00,2017-03-10 23:00:00+00,04c271e4-431c-4e97-b2a1-23ce3ed1790d
,2446,2017-04-07 14:30:00+00,2017-04-07 22:00:00+00,04c271e4-431c-4e97-b2a1-23ce3ed1790d
,2447,2017-03-24 14:30:00+00,2017-03-24 22:00:00+00,04c271e4-431c-4e97-b2a1-23ce3ed1790d
,2448,2017-03-31 14:30:00+00,2017-03-31 22:00:00+00,04c271e4-431c-4e97-b2a1-23ce3ed1790d
,2449,2017-03-03 15:30:00+00,2017-03-03 23:00:00+00,04c271e4-431c-4e97-b2a1-23ce3ed1790d
,2450,2017-03-24 20:00:00+00,2017-03-25 06:00:00+00,591bc8b2-459c-420d-8e15-e77577891560
,2451,2017-03-31 20:00:00+00,2017-04-01 06:00:00+00,591bc8b2-459c-420d-8e15-e77577891560
,2452,2017-03-17 20:00:00+00,2017-03-18 06:00:00+00,591bc8b2-459c-420d-8e15-e77577891560
,2453,2017-03-03 21:00:00+00,2017-03-04 07:00:00+00,591bc8b2-459c-420d-8e15-e77577891560
,2454,2017-04-14 20:00:00+00,2017-04-15 06:00:00+00,591bc8b2-459c-420d-8e15-e77577891560
,2455,2017-04-07 20:00:00+00,2017-04-08 06:00:00+00,591bc8b2-459c-420d-8e15-e77577891560
,2456,2017-03-10 21:00:00+00,2017-03-11 07:00:00+00,591bc8b2-459c-420d-8e15-e77577891560
,4350,2017-04-07 20:00:00+00,2017-04-07 23:00:00+00,3
,4381,2017-04-07 21:00:00+00,2017-04-07 23:00:00+00,1338a537-607d-4b0f-b742-65a996fff7d0
,4382,2017-03-31 21:00:00+00,2017-03-31 23:00:00+00,1338a537-607d-4b0f-b742-65a996fff7d0
,4449,2017-03-17 15:00:00+00,2017-03-17 23:00:00+00,960c471a-6c66-441f-b097-3c43ef5cee22
,4450,2017-03-03 16:00:00+00,2017-03-04 00:00:00+00,960c471a-6c66-441f-b097-3c43ef5cee22
,4451,2017-04-14 15:00:00+00,2017-04-14 23:00:00+00,960c471a-6c66-441f-b097-3c43ef5cee22
,2463,2017-03-24 20:00:00+00,2017-03-25 06:00:00+00,de3db350-6137-4ac4-9ed5-bb4eb2b7a3ac
,2464,2017-03-31 20:00:00+00,2017-04-01 06:00:00+00,de3db350-6137-4ac4-9ed5-bb4eb2b7a3ac
,2465,2017-03-17 20:00:00+00,2017-03-18 06:00:00+00,de3db350-6137-4ac4-9ed5-bb4eb2b7a3ac
,2466,2017-03-03 21:00:00+00,2017-03-04 07:00:00+00,de3db350-6137-4ac4-9ed5-bb4eb2b7a3ac
,2467,2017-04-14 20:00:00+00,2017-04-15 06:00:00+00,de3db350-6137-4ac4-9ed5-bb4eb2b7a3ac
,2468,2017-04-07 20:00:00+00,2017-04-08 06:00:00+00,de3db350-6137-4ac4-9ed5-bb4eb2b7a3ac
,2469,2017-03-10 21:00:00+00,2017-03-11 07:00:00+00,de3db350-6137-4ac4-9ed5-bb4eb2b7a3ac
,2470,2017-03-10 20:30:00+00,2017-03-11 00:00:00+00,46
,2471,2017-03-17 19:30:00+00,2017-03-17 23:00:00+00,46
,2472,2017-03-03 20:30:00+00,2017-03-04 00:00:00+00,46
,2473,2017-04-07 19:30:00+00,2017-04-07 23:00:00+00,46
,2474,2017-03-24 19:30:00+00,2017-03-24 23:00:00+00,46
,2475,2017-04-14 19:30:00+00,2017-04-14 23:00:00+00,46
,2476,2017-03-31 19:30:00+00,2017-03-31 23:00:00+00,46
,3400,2017-04-14 20:30:00+00,2017-04-14 23:00:00+00,13
,4452,2017-04-07 15:00:00+00,2017-04-07 23:00:00+00,960c471a-6c66-441f-b097-3c43ef5cee22
,4453,2017-03-31 15:00:00+00,2017-03-31 23:00:00+00,960c471a-6c66-441f-b097-3c43ef5cee22
,4454,2017-03-24 15:00:00+00,2017-03-24 23:00:00+00,960c471a-6c66-441f-b097-3c43ef5cee22
,4455,2017-03-01 16:00:00+00,2017-03-02 00:00:00+00,960c471a-6c66-441f-b097-3c43ef5cee22
,4456,2017-03-10 16:00:00+00,2017-03-11 00:00:00+00,960c471a-6c66-441f-b097-3c43ef5cee22
,2488,2017-03-10 21:30:00+00,2017-03-11 00:00:00+00,21
,2489,2017-04-14 20:30:00+00,2017-04-14 23:00:00+00,21
,2490,2017-03-17 20:30:00+00,2017-03-17 23:00:00+00,21
,2491,2017-04-07 20:30:00+00,2017-04-07 23:00:00+00,21
,2492,2017-03-31 20:30:00+00,2017-03-31 23:00:00+00,21
,2493,2017-03-01 21:30:00+00,2017-03-02 00:00:00+00,21
,2494,2017-03-24 20:30:00+00,2017-03-24 23:00:00+00,21
,3401,2017-03-17 20:30:00+00,2017-03-17 23:00:00+00,13
,3402,2017-03-24 20:30:00+00,2017-03-24 23:00:00+00,13
,4220,2017-03-17 15:00:00+00,2017-03-18 03:45:00+00,1f40479c-f16b-44c9-ba84-1aa7a884f2a5
,4221,2017-03-10 16:00:00+00,2017-03-11 04:45:00+00,1f40479c-f16b-44c9-ba84-1aa7a884f2a5
,2824,2017-03-03 21:00:00+00,2017-03-04 00:00:00+00,5bf0b2d9-ef62-46df-8651-4a104b0ca0db
,2825,2017-03-17 20:00:00+00,2017-03-17 23:00:00+00,5bf0b2d9-ef62-46df-8651-4a104b0ca0db
,2826,2017-03-17 15:00:00+00,2017-03-17 17:00:00+00,5bf0b2d9-ef62-46df-8651-4a104b0ca0db
,2827,2017-03-03 16:00:00+00,2017-03-03 18:00:00+00,5bf0b2d9-ef62-46df-8651-4a104b0ca0db
,2828,2017-04-07 15:00:00+00,2017-04-07 17:00:00+00,5bf0b2d9-ef62-46df-8651-4a104b0ca0db
,2829,2017-03-10 21:00:00+00,2017-03-11 00:00:00+00,5bf0b2d9-ef62-46df-8651-4a104b0ca0db
,2830,2017-03-24 15:00:00+00,2017-03-24 17:00:00+00,5bf0b2d9-ef62-46df-8651-4a104b0ca0db
,2831,2017-03-24 20:00:00+00,2017-03-24 23:00:00+00,5bf0b2d9-ef62-46df-8651-4a104b0ca0db
,2832,2017-04-07 20:00:00+00,2017-04-07 23:00:00+00,5bf0b2d9-ef62-46df-8651-4a104b0ca0db
,2833,2017-03-10 16:00:00+00,2017-03-10 18:00:00+00,5bf0b2d9-ef62-46df-8651-4a104b0ca0db
,2834,2017-03-31 15:00:00+00,2017-03-31 17:00:00+00,5bf0b2d9-ef62-46df-8651-4a104b0ca0db
,2835,2017-03-31 20:00:00+00,2017-03-31 23:00:00+00,5bf0b2d9-ef62-46df-8651-4a104b0ca0db
,4222,2017-03-01 16:00:00+00,2017-03-02 03:00:00+00,1f40479c-f16b-44c9-ba84-1aa7a884f2a5
,4223,2017-04-07 15:00:00+00,2017-04-08 03:45:00+00,1f40479c-f16b-44c9-ba84-1aa7a884f2a5
,4224,2017-03-24 15:00:00+00,2017-03-25 03:45:00+00,1f40479c-f16b-44c9-ba84-1aa7a884f2a5
,4225,2017-03-31 15:00:00+00,2017-04-01 03:45:00+00,1f40479c-f16b-44c9-ba84-1aa7a884f2a5
,2971,2017-04-07 21:00:00+00,2017-04-07 23:00:00+00,54
,2972,2017-03-17 21:00:00+00,2017-03-17 23:00:00+00,54
,2973,2017-03-03 22:00:00+00,2017-03-04 00:00:00+00,54
,2974,2017-04-14 21:00:00+00,2017-04-14 23:00:00+00,54
,2975,2017-03-24 21:00:00+00,2017-03-24 23:00:00+00,54
,2523,2017-03-24 20:00:00+00,2017-03-25 06:00:00+00,f60506be-b84d-4886-bc44-21fb89341a25
,2524,2017-03-31 20:00:00+00,2017-04-01 06:00:00+00,f60506be-b84d-4886-bc44-21fb89341a25
,2525,2017-03-17 20:00:00+00,2017-03-18 06:00:00+00,f60506be-b84d-4886-bc44-21fb89341a25
,2526,2017-03-03 21:00:00+00,2017-03-04 07:00:00+00,f60506be-b84d-4886-bc44-21fb89341a25
,2527,2017-04-14 20:00:00+00,2017-04-15 06:00:00+00,f60506be-b84d-4886-bc44-21fb89341a25
,2528,2017-04-07 20:00:00+00,2017-04-08 06:00:00+00,f60506be-b84d-4886-bc44-21fb89341a25
,2529,2017-03-10 21:00:00+00,2017-03-11 07:00:00+00,f60506be-b84d-4886-bc44-21fb89341a25
,3533,2017-03-24 20:00:00+00,2017-03-24 23:00:00+00,37
,3534,2017-03-01 21:00:00+00,2017-03-02 00:00:00+00,37
,3535,2017-04-07 20:00:00+00,2017-04-07 23:00:00+00,37
,3536,2017-03-10 21:00:00+00,2017-03-11 00:00:00+00,37
,3537,2017-03-17 20:00:00+00,2017-03-17 23:00:00+00,37
,3538,2017-03-03 21:00:00+00,2017-03-04 00:00:00+00,37
,3539,2017-04-14 20:00:00+00,2017-04-14 23:00:00+00,37
,3722,2017-03-24 19:30:00+00,2017-03-24 23:00:00+00,49
,2566,2017-03-31 12:00:00+00,2017-03-31 23:00:00+00,efabd97f-3e5d-426d-a126-2d1dcab739da
,2567,2017-04-07 12:00:00+00,2017-04-07 23:00:00+00,efabd97f-3e5d-426d-a126-2d1dcab739da
,2568,2017-03-24 12:00:00+00,2017-03-24 23:00:00+00,efabd97f-3e5d-426d-a126-2d1dcab739da
,2569,2017-03-17 12:00:00+00,2017-03-17 23:00:00+00,efabd97f-3e5d-426d-a126-2d1dcab739da
,2570,2017-03-03 13:00:00+00,2017-03-04 00:00:00+00,efabd97f-3e5d-426d-a126-2d1dcab739da
,2571,2017-04-14 12:00:00+00,2017-04-14 23:00:00+00,efabd97f-3e5d-426d-a126-2d1dcab739da
,2572,2017-03-10 13:00:00+00,2017-03-11 00:00:00+00,efabd97f-3e5d-426d-a126-2d1dcab739da
,2573,2017-03-17 20:00:00+00,2017-03-17 23:00:00+00,a2a94518-6418-4a06-ac58-f4f72595b77b
,2574,2017-03-03 21:00:00+00,2017-03-04 00:00:00+00,a2a94518-6418-4a06-ac58-f4f72595b77b
,2575,2017-03-31 20:00:00+00,2017-03-31 23:00:00+00,a2a94518-6418-4a06-ac58-f4f72595b77b
,2576,2017-04-07 20:00:00+00,2017-04-07 23:00:00+00,a2a94518-6418-4a06-ac58-f4f72595b77b
,2577,2017-03-10 21:00:00+00,2017-03-11 00:00:00+00,a2a94518-6418-4a06-ac58-f4f72595b77b
,2578,2017-03-24 20:00:00+00,2017-03-24 23:00:00+00,a2a94518-6418-4a06-ac58-f4f72595b77b
,2595,2017-04-07 20:00:00+00,2017-04-07 23:30:00+00,f00b9e2d-2f2d-4f1b-ae93-1d939195b606
,2596,2017-03-17 20:00:00+00,2017-03-17 23:30:00+00,f00b9e2d-2f2d-4f1b-ae93-1d939195b606
,2597,2017-03-31 20:00:00+00,2017-03-31 23:30:00+00,f00b9e2d-2f2d-4f1b-ae93-1d939195b606
,2598,2017-03-10 21:00:00+00,2017-03-11 00:30:00+00,f00b9e2d-2f2d-4f1b-ae93-1d939195b606
,2599,2017-03-03 21:00:00+00,2017-03-04 00:30:00+00,f00b9e2d-2f2d-4f1b-ae93-1d939195b606
,2600,2017-03-24 20:00:00+00,2017-03-24 23:30:00+00,f00b9e2d-2f2d-4f1b-ae93-1d939195b606
,2601,2017-03-01 21:00:00+00,2017-03-02 01:00:00+00,28
,2602,2017-04-14 15:00:00+00,2017-04-14 23:00:00+00,28
,2603,2017-03-03 16:00:00+00,2017-03-04 00:00:00+00,28
,2604,2017-03-24 15:00:00+00,2017-03-24 23:00:00+00,28
,2605,2017-03-17 15:00:00+00,2017-03-17 23:00:00+00,28
,2606,2017-03-10 16:00:00+00,2017-03-11 00:00:00+00,28
,2607,2017-03-31 15:00:00+00,2017-03-31 23:00:00+00,28
,2608,2017-04-07 15:00:00+00,2017-04-07 23:00:00+00,28
,2609,2017-03-24 20:00:00+00,2017-03-25 06:00:00+00,ab21d669-867c-4791-a5d7-fb2dd7bfe154
,2610,2017-03-31 20:00:00+00,2017-04-01 06:00:00+00,ab21d669-867c-4791-a5d7-fb2dd7bfe154
,2611,2017-03-17 20:00:00+00,2017-03-18 06:00:00+00,ab21d669-867c-4791-a5d7-fb2dd7bfe154
,2612,2017-03-03 21:00:00+00,2017-03-04 07:00:00+00,ab21d669-867c-4791-a5d7-fb2dd7bfe154
,2613,2017-04-14 20:00:00+00,2017-04-15 06:00:00+00,ab21d669-867c-4791-a5d7-fb2dd7bfe154
,2614,2017-04-07 20:00:00+00,2017-04-08 06:00:00+00,ab21d669-867c-4791-a5d7-fb2dd7bfe154
,2615,2017-03-10 21:00:00+00,2017-03-11 07:00:00+00,ab21d669-867c-4791-a5d7-fb2dd7bfe154
,2624,2017-03-24 15:00:00+00,2017-03-25 03:45:00+00,bf1207d9-1c7f-4f72-bbf2-5a6df4014555
,2625,2017-03-31 15:00:00+00,2017-04-01 03:45:00+00,bf1207d9-1c7f-4f72-bbf2-5a6df4014555
,2626,2017-04-14 15:00:00+00,2017-04-15 03:45:00+00,bf1207d9-1c7f-4f72-bbf2-5a6df4014555
,2627,2017-03-03 16:00:00+00,2017-03-03 16:00:00+00,bf1207d9-1c7f-4f72-bbf2-5a6df4014555
,2628,2017-03-17 15:00:00+00,2017-03-18 03:45:00+00,bf1207d9-1c7f-4f72-bbf2-5a6df4014555
,2629,2017-03-10 16:00:00+00,2017-03-11 04:45:00+00,bf1207d9-1c7f-4f72-bbf2-5a6df4014555
,2630,2017-04-07 15:00:00+00,2017-04-08 03:45:00+00,bf1207d9-1c7f-4f72-bbf2-5a6df4014555
,2631,2017-03-01 16:00:00+00,2017-03-02 03:00:00+00,bf1207d9-1c7f-4f72-bbf2-5a6df4014555
,3403,2017-03-24 15:00:00+00,2017-03-24 22:00:00+00,a4108e3e-a0c2-41d5-97c0-c9b07f3ff405
,3404,2017-04-14 15:00:00+00,2017-04-14 22:00:00+00,a4108e3e-a0c2-41d5-97c0-c9b07f3ff405
,3405,2017-03-31 15:00:00+00,2017-03-31 22:00:00+00,a4108e3e-a0c2-41d5-97c0-c9b07f3ff405
,3406,2017-04-07 15:00:00+00,2017-04-07 22:00:00+00,a4108e3e-a0c2-41d5-97c0-c9b07f3ff405
,3407,2017-03-17 15:00:00+00,2017-03-17 22:00:00+00,a4108e3e-a0c2-41d5-97c0-c9b07f3ff405
,3408,2017-03-03 05:00:00+00,2017-04-15 03:45:00+00,d6cf749b-e815-4671-8e90-b2cb93eec789
,3417,2017-03-24 20:00:00+00,2017-03-24 23:00:00+00,22
,3418,2017-03-01 21:00:00+00,2017-03-02 00:00:00+00,22
,3419,2017-04-14 20:00:00+00,2017-04-14 23:00:00+00,22
,3420,2017-04-07 20:00:00+00,2017-04-07 23:00:00+00,22
,3421,2017-03-17 20:00:00+00,2017-03-17 23:00:00+00,22
,3422,2017-03-10 21:00:00+00,2017-03-11 00:00:00+00,22
,2652,2017-03-24 15:00:00+00,2017-03-25 03:45:00+00,1a668247-15ad-436a-8263-1e585d9aab6c
,2653,2017-03-31 15:00:00+00,2017-04-01 03:45:00+00,1a668247-15ad-436a-8263-1e585d9aab6c
,2654,2017-04-14 15:00:00+00,2017-04-15 03:45:00+00,1a668247-15ad-436a-8263-1e585d9aab6c
,2655,2017-03-03 16:00:00+00,2017-03-03 16:00:00+00,1a668247-15ad-436a-8263-1e585d9aab6c
,2656,2017-03-17 15:00:00+00,2017-03-18 03:45:00+00,1a668247-15ad-436a-8263-1e585d9aab6c
,2657,2017-03-10 16:00:00+00,2017-03-11 04:45:00+00,1a668247-15ad-436a-8263-1e585d9aab6c
,2658,2017-04-07 15:00:00+00,2017-04-08 03:45:00+00,1a668247-15ad-436a-8263-1e585d9aab6c
,2659,2017-03-01 16:00:00+00,2017-03-02 03:00:00+00,1a668247-15ad-436a-8263-1e585d9aab6c
,2660,2017-03-24 15:00:00+00,2017-03-25 03:45:00+00,a5c29070-f837-47f4-b879-a251531b521e
,2661,2017-03-31 15:00:00+00,2017-04-01 03:45:00+00,a5c29070-f837-47f4-b879-a251531b521e
,2662,2017-04-14 15:00:00+00,2017-04-15 03:45:00+00,a5c29070-f837-47f4-b879-a251531b521e
,2663,2017-03-03 16:00:00+00,2017-03-03 16:00:00+00,a5c29070-f837-47f4-b879-a251531b521e
,2664,2017-03-17 15:00:00+00,2017-03-18 03:45:00+00,a5c29070-f837-47f4-b879-a251531b521e
,2665,2017-03-10 16:00:00+00,2017-03-11 04:45:00+00,a5c29070-f837-47f4-b879-a251531b521e
,2666,2017-04-07 15:00:00+00,2017-04-08 03:45:00+00,a5c29070-f837-47f4-b879-a251531b521e
,2667,2017-03-01 16:00:00+00,2017-03-02 03:00:00+00,a5c29070-f837-47f4-b879-a251531b521e
,2668,2017-02-24 16:00:00+00,2017-02-25 00:00:00+00,d931a069-b80f-41f8-852c-bcbb58c9d78e
,2669,2017-04-07 15:00:00+00,2017-04-07 23:00:00+00,d931a069-b80f-41f8-852c-bcbb58c9d78e
,2670,2017-03-31 15:00:00+00,2017-03-31 23:00:00+00,d931a069-b80f-41f8-852c-bcbb58c9d78e
,2671,2017-03-03 16:00:00+00,2017-03-04 00:00:00+00,d931a069-b80f-41f8-852c-bcbb58c9d78e
,2672,2017-03-24 15:00:00+00,2017-03-24 23:00:00+00,d931a069-b80f-41f8-852c-bcbb58c9d78e
,2673,2017-03-17 15:00:00+00,2017-03-17 23:00:00+00,d931a069-b80f-41f8-852c-bcbb58c9d78e
,2674,2017-03-10 16:00:00+00,2017-03-11 00:00:00+00,d931a069-b80f-41f8-852c-bcbb58c9d78e
,2675,2017-03-24 20:00:00+00,2017-03-25 06:00:00+00,b8290cf8-b715-4761-b13f-abb0c859095f
,2676,2017-03-31 20:00:00+00,2017-04-01 06:00:00+00,b8290cf8-b715-4761-b13f-abb0c859095f
,2677,2017-03-17 20:00:00+00,2017-03-18 06:00:00+00,b8290cf8-b715-4761-b13f-abb0c859095f
,2678,2017-03-03 21:00:00+00,2017-03-04 07:00:00+00,b8290cf8-b715-4761-b13f-abb0c859095f
,2679,2017-04-14 20:00:00+00,2017-04-15 06:00:00+00,b8290cf8-b715-4761-b13f-abb0c859095f
,2680,2017-04-07 20:00:00+00,2017-04-08 06:00:00+00,b8290cf8-b715-4761-b13f-abb0c859095f
,2681,2017-03-10 21:00:00+00,2017-03-11 07:00:00+00,b8290cf8-b715-4761-b13f-abb0c859095f
,4226,2017-04-14 15:00:00+00,2017-04-15 03:45:00+00,1f40479c-f16b-44c9-ba84-1aa7a884f2a5
,2683,2017-03-24 20:30:00+00,2017-03-24 23:30:00+00,32
,2684,2017-03-03 21:30:00+00,2017-03-04 00:30:00+00,32
,2685,2017-03-10 21:30:00+00,2017-03-11 00:30:00+00,32
,2686,2017-03-01 21:30:00+00,2017-03-02 00:30:00+00,32
,2687,2017-04-14 19:30:00+00,2017-04-14 23:30:00+00,32
,2688,2017-04-07 20:30:00+00,2017-04-07 23:30:00+00,32
,2689,2017-03-17 20:30:00+00,2017-03-17 23:30:00+00,32
,2690,2017-03-31 20:30:00+00,2017-03-31 23:30:00+00,32
,2691,2017-03-10 16:00:00+00,2017-03-11 01:00:00+00,68
,2692,2017-03-03 16:00:00+00,2017-03-04 01:00:00+00,68
,2693,2017-03-17 15:00:00+00,2017-03-18 00:00:00+00,68
,2694,2017-03-24 15:00:00+00,2017-03-25 00:00:00+00,68
,2695,2017-03-31 15:00:00+00,2017-04-01 00:00:00+00,68
,2696,2017-04-14 15:00:00+00,2017-04-15 00:00:00+00,68
,2697,2017-03-01 22:00:00+00,2017-03-02 01:00:00+00,68
,2698,2017-04-07 15:00:00+00,2017-04-08 00:00:00+00,68
,2699,2017-03-10 21:00:00+00,2017-03-11 00:00:00+00,bf2e28cc-537f-411f-86f2-5bfc8fdf0f5d
,2700,2017-03-24 20:00:00+00,2017-03-24 23:00:00+00,bf2e28cc-537f-411f-86f2-5bfc8fdf0f5d
,2701,2017-03-03 21:00:00+00,2017-03-04 00:00:00+00,bf2e28cc-537f-411f-86f2-5bfc8fdf0f5d
,2702,2017-04-07 20:00:00+00,2017-04-07 23:00:00+00,bf2e28cc-537f-411f-86f2-5bfc8fdf0f5d
,2703,2017-03-31 20:00:00+00,2017-03-31 23:00:00+00,bf2e28cc-537f-411f-86f2-5bfc8fdf0f5d
,2704,2017-03-17 20:00:00+00,2017-03-17 23:00:00+00,bf2e28cc-537f-411f-86f2-5bfc8fdf0f5d
,3423,2017-03-03 21:00:00+00,2017-03-04 00:00:00+00,22
,3424,2017-03-31 20:00:00+00,2017-03-31 23:00:00+00,22
,3491,2017-03-17 20:00:00+00,2017-03-17 23:00:00+00,30
,3492,2017-03-24 20:00:00+00,2017-03-24 23:00:00+00,30
,3493,2017-03-03 21:00:00+00,2017-03-04 00:00:00+00,30
,3494,2017-03-10 21:00:00+00,2017-03-11 00:00:00+00,30
,3495,2017-03-31 20:00:00+00,2017-03-31 23:00:00+00,30
,2712,2017-03-01 17:00:00+00,2017-03-01 23:30:00+00,50
,4227,2017-03-03 16:00:00+00,2017-03-04 04:45:00+00,1f40479c-f16b-44c9-ba84-1aa7a884f2a5
,3496,2017-04-07 20:00:00+00,2017-04-07 23:00:00+00,30
,4355,2017-04-07 20:00:00+00,2017-04-07 23:00:00+00,66
,4356,2017-04-14 20:00:00+00,2017-04-14 23:00:00+00,66
,4357,2017-03-24 20:00:00+00,2017-03-24 23:00:00+00,66
,4358,2017-03-31 20:00:00+00,2017-03-31 23:00:00+00,66
,4359,2017-04-07 20:00:00+00,2017-04-07 23:00:00+00,66
,4360,2017-04-14 20:00:00+00,2017-04-14 23:00:00+00,66
,4361,2017-03-24 20:00:00+00,2017-03-24 23:00:00+00,66
,4362,2017-03-31 20:00:00+00,2017-03-31 23:00:00+00,66
,4383,2017-03-31 15:00:00+00,2017-03-31 23:00:00+00,69
,4384,2017-04-07 15:00:00+00,2017-04-07 23:00:00+00,69
,4409,2017-04-07 16:00:00+00,2017-04-07 23:00:00+00,2ade5b3b-f389-4602-aeaf-f9891a67463e
,4410,2017-03-31 16:00:00+00,2017-03-31 23:00:00+00,2ade5b3b-f389-4602-aeaf-f9891a67463e
,4411,2017-04-07 19:00:00+00,2017-04-08 01:00:00+00,3d039985-6576-4179-939c-ce015ee5cd05
,4412,2017-04-14 19:00:00+00,2017-04-15 01:00:00+00,3d039985-6576-4179-939c-ce015ee5cd05
,4413,2017-03-31 19:00:00+00,2017-04-01 01:00:00+00,3d039985-6576-4179-939c-ce015ee5cd05
,2719,2017-03-10 15:00:00+00,2017-03-11 00:00:00+00,32363f21-94bd-4f93-bcee-f8498c62cb2e
,2720,2017-03-01 15:00:00+00,2017-03-02 00:00:00+00,32363f21-94bd-4f93-bcee-f8498c62cb2e
,2721,2017-03-17 14:00:00+00,2017-03-17 23:00:00+00,32363f21-94bd-4f93-bcee-f8498c62cb2e
,2722,2017-03-03 15:00:00+00,2017-03-04 00:00:00+00,32363f21-94bd-4f93-bcee-f8498c62cb2e
,2723,2017-03-24 14:00:00+00,2017-03-24 23:00:00+00,32363f21-94bd-4f93-bcee-f8498c62cb2e
,2724,2017-04-07 14:00:00+00,2017-04-07 23:00:00+00,32363f21-94bd-4f93-bcee-f8498c62cb2e
,2725,2017-03-31 14:00:00+00,2017-03-31 23:00:00+00,32363f21-94bd-4f93-bcee-f8498c62cb2e
,3409,2017-03-31 15:00:00+00,2017-03-31 23:00:00+00,8e6c3bee-1204-4522-8394-4be5b269656e
,3410,2017-03-03 16:00:00+00,2017-03-04 00:00:00+00,8e6c3bee-1204-4522-8394-4be5b269656e
,3411,2017-04-07 15:00:00+00,2017-04-07 23:00:00+00,8e6c3bee-1204-4522-8394-4be5b269656e
,3412,2017-03-01 16:00:00+00,2017-03-02 00:00:00+00,8e6c3bee-1204-4522-8394-4be5b269656e
,3413,2017-03-17 15:00:00+00,2017-03-17 23:00:00+00,8e6c3bee-1204-4522-8394-4be5b269656e
,3414,2017-03-24 15:00:00+00,2017-03-24 23:00:00+00,8e6c3bee-1204-4522-8394-4be5b269656e
,3415,2017-03-10 16:00:00+00,2017-03-11 00:00:00+00,8e6c3bee-1204-4522-8394-4be5b269656e
,2734,2017-03-01 16:00:00+00,2017-03-02 00:00:00+00,9
,2735,2017-04-14 15:00:00+00,2017-04-14 23:00:00+00,9
,2736,2017-03-31 15:00:00+00,2017-03-31 23:00:00+00,9
,2737,2017-03-03 16:00:00+00,2017-03-04 00:00:00+00,9
,2738,2017-04-07 15:00:00+00,2017-04-07 23:00:00+00,9
,2739,2017-03-17 15:00:00+00,2017-03-17 23:00:00+00,9
,2740,2017-03-10 16:00:00+00,2017-03-11 00:00:00+00,9
,2741,2017-03-24 15:00:00+00,2017-03-24 23:00:00+00,9
,2742,2017-04-07 19:00:00+00,2017-04-07 23:00:00+00,70
,2743,2017-03-01 14:00:00+00,2017-03-01 23:00:00+00,70
,2744,2017-04-14 19:00:00+00,2017-04-14 23:00:00+00,70
,2745,2017-03-10 20:00:00+00,2017-03-11 00:00:00+00,70
,2746,2017-03-17 19:00:00+00,2017-03-17 23:00:00+00,70
,2747,2017-03-31 19:00:00+00,2017-03-31 23:00:00+00,70
,2748,2017-03-03 20:00:00+00,2017-03-04 00:00:00+00,70
,2749,2017-03-24 19:00:00+00,2017-03-24 23:00:00+00,70
,2750,2017-03-17 15:00:00+00,2017-03-17 23:00:00+00,e4fb5621-f099-4ecc-91cf-2442c83ef2e8
,2751,2017-03-03 16:00:00+00,2017-03-04 00:00:00+00,e4fb5621-f099-4ecc-91cf-2442c83ef2e8
,2752,2017-04-07 15:00:00+00,2017-04-07 23:00:00+00,e4fb5621-f099-4ecc-91cf-2442c83ef2e8
,2753,2017-03-31 15:00:00+00,2017-03-31 23:00:00+00,e4fb5621-f099-4ecc-91cf-2442c83ef2e8
,2754,2017-03-24 15:00:00+00,2017-03-24 23:00:00+00,e4fb5621-f099-4ecc-91cf-2442c83ef2e8
,2755,2017-03-01 16:00:00+00,2017-03-02 00:00:00+00,e4fb5621-f099-4ecc-91cf-2442c83ef2e8
,2756,2017-03-17 15:00:00+00,2017-03-17 22:30:00+00,e218dbbe-e36e-499a-b01a-9772db405a66
,2757,2017-04-07 15:00:00+00,2017-04-07 22:30:00+00,e218dbbe-e36e-499a-b01a-9772db405a66
,2758,2017-03-01 16:00:00+00,2017-03-01 23:30:00+00,e218dbbe-e36e-499a-b01a-9772db405a66
,2759,2017-03-31 15:00:00+00,2017-03-31 22:30:00+00,e218dbbe-e36e-499a-b01a-9772db405a66
,2760,2017-03-24 15:00:00+00,2017-03-24 22:30:00+00,e218dbbe-e36e-499a-b01a-9772db405a66
,2761,2017-03-10 16:00:00+00,2017-03-10 23:30:00+00,e218dbbe-e36e-499a-b01a-9772db405a66
,2762,2017-04-14 15:00:00+00,2017-04-14 22:30:00+00,e218dbbe-e36e-499a-b01a-9772db405a66
,2763,2017-03-03 16:00:00+00,2017-03-03 23:30:00+00,e218dbbe-e36e-499a-b01a-9772db405a66
,2772,2017-04-14 15:00:00+00,2017-04-14 23:00:00+00,16
,2773,2017-03-17 15:00:00+00,2017-03-17 23:00:00+00,16
,2774,2017-03-03 16:00:00+00,2017-03-04 00:00:00+00,16
,2775,2017-03-10 16:00:00+00,2017-03-11 00:00:00+00,16
,2776,2017-03-31 15:00:00+00,2017-03-31 23:00:00+00,16
,2777,2017-04-07 15:00:00+00,2017-04-07 23:00:00+00,16
,2778,2017-03-24 15:00:00+00,2017-03-24 23:00:00+00,16
,2779,2017-03-01 16:00:00+00,2017-03-02 00:00:00+00,16
,2780,2017-03-01 16:30:00+00,2017-03-02 00:00:00+00,1f97d448-129c-4771-830a-13794b16e05b
,2781,2017-04-07 15:30:00+00,2017-04-07 23:00:00+00,1f97d448-129c-4771-830a-13794b16e05b
,2782,2017-03-24 15:30:00+00,2017-03-24 23:00:00+00,1f97d448-129c-4771-830a-13794b16e05b
,2783,2017-04-14 19:00:00+00,2017-04-14 23:00:00+00,1f97d448-129c-4771-830a-13794b16e05b
,2784,2017-03-10 16:30:00+00,2017-03-11 00:00:00+00,1f97d448-129c-4771-830a-13794b16e05b
,2785,2017-03-17 15:30:00+00,2017-03-17 23:00:00+00,1f97d448-129c-4771-830a-13794b16e05b
,2786,2017-03-03 16:30:00+00,2017-03-04 00:00:00+00,1f97d448-129c-4771-830a-13794b16e05b
,2787,2017-03-31 15:30:00+00,2017-03-31 23:00:00+00,1f97d448-129c-4771-830a-13794b16e05b
,4244,2017-03-24 15:30:00+00,2017-03-24 23:00:00+00,19
,4245,2017-03-03 16:30:00+00,2017-03-04 00:00:00+00,19
,4246,2017-03-01 16:30:00+00,2017-03-02 00:00:00+00,19
,4247,2017-04-07 15:30:00+00,2017-04-07 23:00:00+00,19
,2796,2017-03-10 21:00:00+00,2017-03-11 00:00:00+00,12
,2797,2017-03-24 15:00:00+00,2017-03-24 17:00:00+00,12
,2798,2017-03-10 16:00:00+00,2017-03-10 18:00:00+00,12
,2799,2017-03-03 21:00:00+00,2017-03-04 00:00:00+00,12
,2800,2017-03-17 15:00:00+00,2017-03-17 17:00:00+00,12
,2801,2017-03-01 21:00:00+00,2017-03-02 00:00:00+00,12
,2802,2017-03-24 20:00:00+00,2017-03-24 23:00:00+00,12
,2803,2017-04-07 20:00:00+00,2017-04-07 23:00:00+00,12
,2804,2017-03-31 15:00:00+00,2017-03-31 17:00:00+00,12
,2805,2017-03-03 16:00:00+00,2017-03-03 18:00:00+00,12
,2806,2017-03-17 20:00:00+00,2017-03-17 23:00:00+00,12
,2807,2017-03-01 16:00:00+00,2017-03-01 18:00:00+00,12
,2808,2017-03-31 20:00:00+00,2017-03-31 23:00:00+00,12
,2809,2017-04-07 15:00:00+00,2017-04-07 17:00:00+00,12
,4248,2017-03-31 15:30:00+00,2017-03-31 23:00:00+00,19
,4249,2017-03-10 16:30:00+00,2017-03-11 00:00:00+00,19
,4250,2017-04-14 20:00:00+00,2017-04-14 23:00:00+00,19
,4251,2017-03-17 15:00:00+00,2017-03-17 22:00:00+00,31
,4252,2017-03-24 15:00:00+00,2017-03-24 22:00:00+00,31
,4253,2017-03-01 16:00:00+00,2017-03-01 23:00:00+00,31
,4254,2017-03-03 16:00:00+00,2017-03-03 23:00:00+00,31
,4255,2017-03-10 16:00:00+00,2017-03-10 23:00:00+00,31
,4256,2017-03-31 15:00:00+00,2017-03-31 22:00:00+00,31
,4257,2017-04-07 15:00:00+00,2017-04-07 22:00:00+00,31
,4258,2017-04-14 15:00:00+00,2017-04-14 22:00:00+00,31
,4259,2017-04-14 14:30:00+00,2017-04-15 00:00:00+00,151
,4260,2017-03-10 15:30:00+00,2017-03-11 01:00:00+00,151
,4261,2017-03-17 14:30:00+00,2017-03-18 00:00:00+00,151
,4262,2017-04-07 14:30:00+00,2017-04-08 00:00:00+00,151
,4263,2017-03-24 14:30:00+00,2017-03-25 00:00:00+00,151
,4264,2017-03-03 15:30:00+00,2017-03-04 01:00:00+00,151
,4265,2017-03-31 14:30:00+00,2017-04-01 00:00:00+00,151
,4266,2017-03-01 15:30:00+00,2017-03-02 01:00:00+00,151
,4267,2017-03-31 20:00:00+00,2017-03-31 23:00:00+00,9b47c97e-206a-4585-a1f4-0fcf1d57c8ac
,4268,2017-04-14 20:00:00+00,2017-04-14 23:00:00+00,9b47c97e-206a-4585-a1f4-0fcf1d57c8ac
,4269,2017-04-14 15:00:00+00,2017-04-14 22:30:00+00,737c15c6-7934-4259-939e-174bfd610278
,4270,2017-04-07 15:00:00+00,2017-04-07 22:30:00+00,737c15c6-7934-4259-939e-174bfd610278
,4271,2017-03-24 15:00:00+00,2017-03-24 22:30:00+00,737c15c6-7934-4259-939e-174bfd610278
,4272,2017-03-31 15:00:00+00,2017-03-31 22:30:00+00,737c15c6-7934-4259-939e-174bfd610278
,3416,2017-03-01 05:00:00+00,2017-04-15 03:45:00+00,46f270f5-8eeb-42e0-b71c-e30cf333be71
,4385,2017-04-14 20:00:00+00,2017-04-14 23:00:00+00,55
,4386,2017-04-07 20:00:00+00,2017-04-07 23:00:00+00,55
,4387,2017-03-31 20:00:00+00,2017-03-31 23:00:00+00,55
,3547,2017-03-10 21:30:00+00,2017-03-11 00:30:00+00,47
,3548,2017-03-17 20:30:00+00,2017-03-17 23:30:00+00,47
,2864,2017-04-07 14:00:00+00,2017-04-08 00:00:00+00,aa119a24-dd35-4202-85bf-51ec572331c4
,2865,2017-03-24 14:00:00+00,2017-03-25 00:00:00+00,aa119a24-dd35-4202-85bf-51ec572331c4
,2866,2017-03-31 14:00:00+00,2017-04-01 00:00:00+00,aa119a24-dd35-4202-85bf-51ec572331c4
,2867,2017-03-17 14:00:00+00,2017-03-18 00:00:00+00,aa119a24-dd35-4202-85bf-51ec572331c4
,2868,2017-03-03 15:00:00+00,2017-03-04 01:00:00+00,aa119a24-dd35-4202-85bf-51ec572331c4
,2869,2017-04-14 14:00:00+00,2017-04-15 00:00:00+00,aa119a24-dd35-4202-85bf-51ec572331c4
,2870,2017-03-10 15:00:00+00,2017-03-11 01:00:00+00,aa119a24-dd35-4202-85bf-51ec572331c4
,3549,2017-04-14 19:30:00+00,2017-04-14 23:30:00+00,47
,3550,2017-03-31 20:30:00+00,2017-03-31 23:30:00+00,47
,3551,2017-04-07 20:30:00+00,2017-04-07 23:30:00+00,47
,3552,2017-03-24 20:30:00+00,2017-03-24 23:30:00+00,47
,3553,2017-03-03 21:30:00+00,2017-03-04 00:30:00+00,47
,3593,2017-03-24 21:30:00+00,2017-03-25 00:00:00+00,101
,3594,2017-03-31 21:30:00+00,2017-04-01 00:00:00+00,101
,3595,2017-04-07 21:30:00+00,2017-04-08 00:00:00+00,101
,3596,2017-04-14 21:30:00+00,2017-04-15 00:00:00+00,101
,2880,2017-03-17 15:00:00+00,2017-03-17 23:00:00+00,a2ff49a5-c83b-45c0-9a1f-2e76291bb0f8
,2881,2017-03-31 15:00:00+00,2017-03-31 23:00:00+00,a2ff49a5-c83b-45c0-9a1f-2e76291bb0f8
,2882,2017-03-10 16:00:00+00,2017-03-11 00:00:00+00,a2ff49a5-c83b-45c0-9a1f-2e76291bb0f8
,2883,2017-03-24 15:00:00+00,2017-03-24 23:00:00+00,a2ff49a5-c83b-45c0-9a1f-2e76291bb0f8
,2884,2017-04-07 15:00:00+00,2017-04-07 23:00:00+00,a2ff49a5-c83b-45c0-9a1f-2e76291bb0f8
,2885,2017-03-01 16:00:00+00,2017-03-02 00:00:00+00,a2ff49a5-c83b-45c0-9a1f-2e76291bb0f8
,2886,2017-03-03 16:00:00+00,2017-03-04 00:00:00+00,a2ff49a5-c83b-45c0-9a1f-2e76291bb0f8
,2889,2017-03-10 16:30:00+00,2017-03-10 18:30:00+00,b91753cf-19e4-48fc-ae57-f91b886ebffb
,2890,2017-03-24 19:45:00+00,2017-03-24 22:45:00+00,b91753cf-19e4-48fc-ae57-f91b886ebffb
,2891,2017-03-17 15:30:00+00,2017-03-17 17:30:00+00,b91753cf-19e4-48fc-ae57-f91b886ebffb
,2892,2017-03-24 15:30:00+00,2017-03-24 17:30:00+00,b91753cf-19e4-48fc-ae57-f91b886ebffb
,2893,2017-04-14 15:30:00+00,2017-04-14 17:30:00+00,b91753cf-19e4-48fc-ae57-f91b886ebffb
,2894,2017-03-31 15:30:00+00,2017-03-31 17:30:00+00,b91753cf-19e4-48fc-ae57-f91b886ebffb
,2895,2017-04-14 19:45:00+00,2017-04-14 22:45:00+00,b91753cf-19e4-48fc-ae57-f91b886ebffb
,2896,2017-04-07 15:30:00+00,2017-04-07 17:30:00+00,b91753cf-19e4-48fc-ae57-f91b886ebffb
,2897,2017-03-31 19:45:00+00,2017-03-31 22:45:00+00,b91753cf-19e4-48fc-ae57-f91b886ebffb
,2898,2017-03-10 20:45:00+00,2017-03-10 23:45:00+00,b91753cf-19e4-48fc-ae57-f91b886ebffb
,2899,2017-03-03 16:30:00+00,2017-03-03 18:30:00+00,b91753cf-19e4-48fc-ae57-f91b886ebffb
,2900,2017-03-17 19:45:00+00,2017-03-17 22:45:00+00,b91753cf-19e4-48fc-ae57-f91b886ebffb
,2901,2017-04-07 19:45:00+00,2017-04-07 22:45:00+00,b91753cf-19e4-48fc-ae57-f91b886ebffb
,2902,2017-03-03 20:45:00+00,2017-03-03 23:45:00+00,b91753cf-19e4-48fc-ae57-f91b886ebffb
,2903,2017-03-24 15:00:00+00,2017-03-24 23:00:00+00,10a84386-38dd-44b3-84cc-6a732014a7b6
,2904,2017-03-01 16:00:00+00,2017-03-02 00:00:00+00,10a84386-38dd-44b3-84cc-6a732014a7b6
,2905,2017-03-17 15:00:00+00,2017-03-17 23:00:00+00,10a84386-38dd-44b3-84cc-6a732014a7b6
,2906,2017-04-07 15:00:00+00,2017-04-07 23:00:00+00,10a84386-38dd-44b3-84cc-6a732014a7b6
,2907,2017-03-03 16:00:00+00,2017-03-04 00:00:00+00,10a84386-38dd-44b3-84cc-6a732014a7b6
,2908,2017-03-31 15:00:00+00,2017-03-31 23:00:00+00,10a84386-38dd-44b3-84cc-6a732014a7b6
,2909,2017-04-14 15:00:00+00,2017-04-14 23:00:00+00,10a84386-38dd-44b3-84cc-6a732014a7b6
,2910,2017-03-10 16:00:00+00,2017-03-11 00:00:00+00,10a84386-38dd-44b3-84cc-6a732014a7b6
,2911,2017-04-14 15:00:00+00,2017-04-14 22:30:00+00,14
,3597,2017-03-10 22:30:00+00,2017-03-11 01:00:00+00,101
,3598,2017-03-03 22:30:00+00,2017-03-04 01:00:00+00,101
,4391,2017-03-31 20:00:00+00,2017-03-31 23:00:00+00,95
,4392,2017-04-07 20:00:00+00,2017-04-07 23:00:00+00,95
,4393,2017-04-14 20:00:00+00,2017-04-14 23:00:00+00,95
,4414,2017-03-31 20:00:00+00,2017-03-31 23:00:00+00,60051eed-6676-4f0f-acc8-3939a170311f
,4415,2017-04-07 15:00:00+00,2017-04-07 17:00:00+00,60051eed-6676-4f0f-acc8-3939a170311f
,4416,2017-04-07 20:00:00+00,2017-04-07 23:00:00+00,60051eed-6676-4f0f-acc8-3939a170311f
,4417,2017-03-31 15:00:00+00,2017-03-31 17:00:00+00,60051eed-6676-4f0f-acc8-3939a170311f
,4418,2017-04-14 15:00:00+00,2017-04-14 22:00:00+00,edd67eb0-3acf-4d13-a574-d5ca81cd2055
,4419,2017-03-31 15:00:00+00,2017-03-31 22:00:00+00,edd67eb0-3acf-4d13-a574-d5ca81cd2055
,4420,2017-04-07 15:00:00+00,2017-04-07 15:00:00+00,edd67eb0-3acf-4d13-a574-d5ca81cd2055
,4421,2017-04-14 20:00:00+00,2017-04-14 23:00:00+00,a1ef943c-bd04-41ed-a8df-24f3c3b85f23
,4422,2017-04-07 20:00:00+00,2017-04-07 23:00:00+00,a1ef943c-bd04-41ed-a8df-24f3c3b85f23
,2928,2017-03-10 12:00:00+00,2017-03-11 04:45:00+00,9a947ce0-5010-42d8-a9e1-8815af7b3dab
,2929,2017-03-24 11:00:00+00,2017-03-25 03:45:00+00,9a947ce0-5010-42d8-a9e1-8815af7b3dab
,2930,2017-03-31 11:00:00+00,2017-04-01 03:45:00+00,9a947ce0-5010-42d8-a9e1-8815af7b3dab
,2931,2017-03-17 11:00:00+00,2017-03-18 03:45:00+00,9a947ce0-5010-42d8-a9e1-8815af7b3dab
,2932,2017-03-03 12:00:00+00,2017-03-04 04:45:00+00,9a947ce0-5010-42d8-a9e1-8815af7b3dab
,2933,2017-04-14 11:00:00+00,2017-04-15 03:45:00+00,9a947ce0-5010-42d8-a9e1-8815af7b3dab
,2934,2017-04-07 11:00:00+00,2017-04-08 03:45:00+00,9a947ce0-5010-42d8-a9e1-8815af7b3dab
,2947,2017-03-01 16:00:00+00,2017-03-02 00:00:00+00,8e8e9ab0-c9d5-4853-b9cf-9bf67e6f29aa
,2948,2017-03-01 16:00:00+00,2017-03-02 00:00:00+00,42107640-8201-4570-bd45-35d404e32b14
,2949,2017-03-01 16:00:00+00,2017-03-02 00:00:00+00,573c77e0-f376-4df1-8b31-12cc1628233e
,2950,2017-03-17 20:00:00+00,2017-03-17 23:00:00+00,6ceca66b-57bc-4bbd-ac74-8a2c84f4b1a8
,2951,2017-03-03 21:00:00+00,2017-03-04 00:00:00+00,6ceca66b-57bc-4bbd-ac74-8a2c84f4b1a8
,2952,2017-04-07 20:00:00+00,2017-04-07 23:00:00+00,6ceca66b-57bc-4bbd-ac74-8a2c84f4b1a8
,2953,2017-03-10 21:00:00+00,2017-03-11 00:00:00+00,6ceca66b-57bc-4bbd-ac74-8a2c84f4b1a8
,2954,2017-03-24 20:00:00+00,2017-03-24 23:00:00+00,6ceca66b-57bc-4bbd-ac74-8a2c84f4b1a8
,2955,2017-03-31 20:00:00+00,2017-03-31 23:00:00+00,6ceca66b-57bc-4bbd-ac74-8a2c84f4b1a8
,2964,2017-03-10 21:00:00+00,2017-03-11 00:30:00+00,c3f6ad39-574a-493c-9a20-a6fa39dec9ab
,2965,2017-03-17 20:00:00+00,2017-03-17 23:30:00+00,c3f6ad39-574a-493c-9a20-a6fa39dec9ab
,2966,2017-03-03 21:00:00+00,2017-03-04 00:30:00+00,c3f6ad39-574a-493c-9a20-a6fa39dec9ab
,2967,2017-03-24 20:00:00+00,2017-03-24 23:30:00+00,c3f6ad39-574a-493c-9a20-a6fa39dec9ab
,2968,2017-03-01 21:00:00+00,2017-03-02 00:30:00+00,c3f6ad39-574a-493c-9a20-a6fa39dec9ab
,2969,2017-04-07 20:00:00+00,2017-04-07 23:30:00+00,c3f6ad39-574a-493c-9a20-a6fa39dec9ab
,2970,2017-03-31 20:00:00+00,2017-03-31 23:30:00+00,c3f6ad39-574a-493c-9a20-a6fa39dec9ab
,3433,2017-03-17 20:00:00+00,2017-03-18 00:00:00+00,96
,3434,2017-04-14 18:00:00+00,2017-04-14 23:00:00+00,96
,3435,2017-03-10 21:00:00+00,2017-03-11 01:00:00+00,96
,3436,2017-04-07 20:00:00+00,2017-04-08 00:00:00+00,96
,3437,2017-03-31 20:00:00+00,2017-04-01 00:00:00+00,96
,3438,2017-03-03 21:00:00+00,2017-03-04 01:00:00+00,96
,3439,2017-03-01 20:00:00+00,2017-03-02 01:00:00+00,96
,3440,2017-03-24 20:00:00+00,2017-03-25 00:00:00+00,96
,3441,2017-03-24 21:00:00+00,2017-03-24 23:30:00+00,718c45de-b987-49e7-a49e-0f7a716c4b95
,3442,2017-03-03 22:00:00+00,2017-03-04 00:30:00+00,718c45de-b987-49e7-a49e-0f7a716c4b95
,3443,2017-03-17 21:00:00+00,2017-03-17 23:30:00+00,718c45de-b987-49e7-a49e-0f7a716c4b95
,3444,2017-03-31 21:00:00+00,2017-03-31 23:30:00+00,718c45de-b987-49e7-a49e-0f7a716c4b95
,3445,2017-03-10 22:00:00+00,2017-03-11 00:30:00+00,718c45de-b987-49e7-a49e-0f7a716c4b95
,3446,2017-04-07 21:00:00+00,2017-04-07 23:30:00+00,718c45de-b987-49e7-a49e-0f7a716c4b95
,4273,2017-03-24 15:00:00+00,2017-03-24 23:00:00+00,047c5939-8e78-498d-a57b-1905ae9bc640
,4274,2017-04-07 15:00:00+00,2017-04-07 23:00:00+00,047c5939-8e78-498d-a57b-1905ae9bc640
,4275,2017-04-14 13:00:00+00,2017-04-14 21:00:00+00,047c5939-8e78-498d-a57b-1905ae9bc640
,4276,2017-03-31 15:00:00+00,2017-03-31 23:00:00+00,047c5939-8e78-498d-a57b-1905ae9bc640
,4277,2017-03-10 21:00:00+00,2017-03-11 00:00:00+00,ba269b52-fd11-45f7-be4d-6491f06d2549
,4278,2017-03-03 21:00:00+00,2017-03-04 00:00:00+00,ba269b52-fd11-45f7-be4d-6491f06d2549
,4279,2017-03-17 20:00:00+00,2017-03-17 23:00:00+00,ba269b52-fd11-45f7-be4d-6491f06d2549
,4280,2017-03-31 20:00:00+00,2017-03-31 23:00:00+00,ba269b52-fd11-45f7-be4d-6491f06d2549
,4281,2017-03-24 20:00:00+00,2017-03-24 23:00:00+00,ba269b52-fd11-45f7-be4d-6491f06d2549
,4282,2017-04-14 20:00:00+00,2017-04-14 23:00:00+00,ba269b52-fd11-45f7-be4d-6491f06d2549
,4283,2017-04-07 20:00:00+00,2017-04-07 23:00:00+00,ba269b52-fd11-45f7-be4d-6491f06d2549
,4284,2017-04-07 15:00:00+00,2017-04-08 02:00:00+00,79
,4285,2017-03-31 15:00:00+00,2017-04-01 02:00:00+00,79
,4286,2017-04-14 15:00:00+00,2017-04-15 02:00:00+00,79
,4365,2017-03-31 20:00:00+00,2017-03-31 23:00:00+00,e533aea3-b2ca-4595-9100-6d1625b118d3
,4366,2017-04-07 20:00:00+00,2017-04-07 23:00:00+00,e533aea3-b2ca-4595-9100-6d1625b118d3
,4394,2017-03-31 20:00:00+00,2017-04-01 00:00:00+00,102
,4395,2017-04-14 20:00:00+00,2017-04-15 00:00:00+00,102
,4396,2017-04-07 20:00:00+00,2017-04-08 00:00:00+00,102
,4397,2017-03-31 15:00:00+00,2017-03-31 22:30:00+00,11
,4398,2017-04-07 15:00:00+00,2017-04-07 15:00:00+00,11
,4399,2017-04-14 15:00:00+00,2017-04-14 22:30:00+00,11
,4423,2017-03-31 20:00:00+00,2017-03-31 23:00:00+00,a1ef943c-bd04-41ed-a8df-24f3c3b85f23
,4424,2017-03-31 20:00:00+00,2017-03-31 23:00:00+00,4b13c8cf-8da9-44fa-9f8c-ad084c922224
,4425,2017-04-07 20:00:00+00,2017-04-07 23:00:00+00,4b13c8cf-8da9-44fa-9f8c-ad084c922224
,4426,2017-04-14 16:00:00+00,2017-04-14 23:00:00+00,4b13c8cf-8da9-44fa-9f8c-ad084c922224
,4427,2017-04-14 15:00:00+00,2017-04-14 22:00:00+00,1ee3f6b9-0377-44ed-b637-159c34f86d4b
,4428,2017-03-31 15:00:00+00,2017-03-31 22:00:00+00,1ee3f6b9-0377-44ed-b637-159c34f86d4b
,4429,2017-04-07 15:00:00+00,2017-04-07 22:00:00+00,1ee3f6b9-0377-44ed-b637-159c34f86d4b
,3566,2017-03-17 20:00:00+00,2017-03-17 23:00:00+00,94
,3567,2017-04-07 20:00:00+00,2017-04-07 23:00:00+00,94
,3568,2017-03-24 20:00:00+00,2017-03-24 23:00:00+00,94
,3569,2017-03-10 21:00:00+00,2017-03-11 00:00:00+00,94
,3570,2017-04-14 19:00:00+00,2017-04-14 23:00:00+00,94
,3571,2017-03-31 20:00:00+00,2017-03-31 23:00:00+00,94
,3572,2017-03-03 21:00:00+00,2017-03-04 00:00:00+00,94
,3573,2017-03-24 20:30:00+00,2017-03-24 23:30:00+00,e4512938-9b4e-4b91-96f3-27ae7f8ce32f
,3574,2017-03-17 20:30:00+00,2017-03-17 23:30:00+00,e4512938-9b4e-4b91-96f3-27ae7f8ce32f
,3575,2017-04-07 20:30:00+00,2017-04-07 23:30:00+00,e4512938-9b4e-4b91-96f3-27ae7f8ce32f
,3576,2017-03-10 21:30:00+00,2017-03-11 00:30:00+00,e4512938-9b4e-4b91-96f3-27ae7f8ce32f
,3577,2017-03-03 21:30:00+00,2017-03-04 00:30:00+00,e4512938-9b4e-4b91-96f3-27ae7f8ce32f
,3578,2017-03-31 20:30:00+00,2017-03-31 23:30:00+00,e4512938-9b4e-4b91-96f3-27ae7f8ce32f
,3599,2017-03-17 21:30:00+00,2017-03-18 00:00:00+00,101
,3672,2017-03-01 16:00:00+00,2017-03-02 00:00:00+00,45
,3680,2017-04-07 20:00:00+00,2017-04-07 23:00:00+00,5379327c-2434-4cc2-bf6c-de7be42ea962
,3681,2017-03-03 21:00:00+00,2017-03-04 00:00:00+00,5379327c-2434-4cc2-bf6c-de7be42ea962
,3682,2017-03-24 20:00:00+00,2017-03-24 23:00:00+00,5379327c-2434-4cc2-bf6c-de7be42ea962
,3683,2017-03-31 20:00:00+00,2017-03-31 23:00:00+00,5379327c-2434-4cc2-bf6c-de7be42ea962
,3684,2017-03-10 21:00:00+00,2017-03-11 00:00:00+00,5379327c-2434-4cc2-bf6c-de7be42ea962
,3685,2017-03-17 20:00:00+00,2017-03-17 23:00:00+00,5379327c-2434-4cc2-bf6c-de7be42ea962
,3686,2017-04-14 20:00:00+00,2017-04-14 23:00:00+00,5379327c-2434-4cc2-bf6c-de7be42ea962
,3694,2017-04-07 20:00:00+00,2017-04-07 23:00:00+00,1c632b42-59dc-4240-8035-30a272cf3d6e
,3695,2017-03-03 21:00:00+00,2017-03-04 00:00:00+00,1c632b42-59dc-4240-8035-30a272cf3d6e
,3696,2017-03-24 20:00:00+00,2017-03-24 23:00:00+00,1c632b42-59dc-4240-8035-30a272cf3d6e
,3697,2017-03-31 20:00:00+00,2017-03-31 23:00:00+00,1c632b42-59dc-4240-8035-30a272cf3d6e
,4430,2017-04-07 15:30:00+00,2017-04-07 22:00:00+00,24
,4431,2017-03-31 15:30:00+00,2017-03-31 22:00:00+00,24
,4432,2017-04-14 19:00:00+00,2017-04-14 22:00:00+00,24
,4433,2017-03-31 20:00:00+00,2017-04-01 00:00:00+00,d21b6844-b8e5-42d8-a919-b375787b1eaf
,2976,2017-03-31 21:00:00+00,2017-03-31 23:00:00+00,54
,2977,2017-03-10 22:00:00+00,2017-03-11 00:00:00+00,54
,3459,2017-03-24 08:30:00+00,2017-03-24 23:30:00+00,178
,3460,2017-03-31 08:30:00+00,2017-03-31 23:30:00+00,178
,3461,2017-03-10 09:30:00+00,2017-03-11 00:30:00+00,178
,3462,2017-04-14 08:30:00+00,2017-04-14 23:30:00+00,178
,3463,2017-03-17 08:30:00+00,2017-03-17 23:30:00+00,178
,3464,2017-04-07 08:30:00+00,2017-04-07 23:30:00+00,178
,3465,2017-03-03 09:30:00+00,2017-03-04 00:30:00+00,178
,4287,2017-04-07 20:00:00+00,2017-04-07 23:00:00+00,90
,4288,2017-04-14 20:00:00+00,2017-04-14 23:00:00+00,90
,4289,2017-03-31 20:00:00+00,2017-03-31 23:00:00+00,90
,2993,2017-03-17 16:00:00+00,2017-03-17 23:00:00+00,18
,2994,2017-03-03 17:00:00+00,2017-03-04 00:00:00+00,18
,2995,2017-03-10 17:00:00+00,2017-03-11 00:00:00+00,18
,2996,2017-03-24 16:00:00+00,2017-03-24 23:00:00+00,18
,2997,2017-04-07 16:00:00+00,2017-04-07 23:00:00+00,18
,2998,2017-03-01 17:00:00+00,2017-03-02 00:00:00+00,18
,2999,2017-03-31 16:00:00+00,2017-03-31 23:00:00+00,18
,4400,2017-03-31 20:30:00+00,2017-03-31 23:00:00+00,2437d9e2-aa61-4d11-b4aa-bd4386e5308e
,4434,2017-04-07 20:00:00+00,2017-04-08 00:00:00+00,d21b6844-b8e5-42d8-a919-b375787b1eaf
,4435,2017-03-31 20:30:00+00,2017-03-31 23:00:00+00,a11328ec-51e4-4d9e-a3df-80b4ebb2e830
,4436,2017-04-07 20:30:00+00,2017-04-07 23:00:00+00,a11328ec-51e4-4d9e-a3df-80b4ebb2e830
,4437,2017-04-14 15:00:00+00,2017-04-14 23:00:00+00,134
,4438,2017-04-07 15:00:00+00,2017-04-07 23:00:00+00,134
,4439,2017-03-31 15:00:00+00,2017-03-31 23:00:00+00,134
,3014,2017-03-10 17:00:00+00,2017-03-11 00:00:00+00,38
,3015,2017-03-31 16:00:00+00,2017-03-31 23:00:00+00,38
,3016,2017-04-07 16:00:00+00,2017-04-07 23:00:00+00,38
,3017,2017-03-03 17:00:00+00,2017-03-04 00:00:00+00,38
,3018,2017-03-17 16:00:00+00,2017-03-17 23:00:00+00,38
,3019,2017-03-01 17:00:00+00,2017-03-02 00:00:00+00,38
,3020,2017-04-14 16:00:00+00,2017-04-14 23:00:00+00,38
,3021,2017-03-24 16:00:00+00,2017-03-24 23:00:00+00,38
,3022,2017-03-24 21:00:00+00,2017-03-24 23:00:00+00,60
,3023,2017-03-10 22:00:00+00,2017-03-11 00:00:00+00,60
,3024,2017-03-03 22:00:00+00,2017-03-04 00:00:00+00,60
,3025,2017-03-17 21:00:00+00,2017-03-17 23:00:00+00,60
,3026,2017-03-03 21:00:00+00,2017-03-04 00:00:00+00,5b09eb49-aa32-42ab-b929-8f5682f3ba39
,3027,2017-04-07 20:00:00+00,2017-04-07 23:00:00+00,5b09eb49-aa32-42ab-b929-8f5682f3ba39
,3028,2017-03-10 21:00:00+00,2017-03-11 00:00:00+00,5b09eb49-aa32-42ab-b929-8f5682f3ba39
,3029,2017-03-24 20:00:00+00,2017-03-24 23:00:00+00,5b09eb49-aa32-42ab-b929-8f5682f3ba39
,3030,2017-03-31 20:00:00+00,2017-03-31 23:00:00+00,5b09eb49-aa32-42ab-b929-8f5682f3ba39
,3031,2017-03-17 20:00:00+00,2017-03-17 23:00:00+00,5b09eb49-aa32-42ab-b929-8f5682f3ba39
,3032,2017-03-17 20:00:00+00,2017-03-17 23:00:00+00,4586fd80-6274-42f0-99e6-5adf4fa36d6d
,3033,2017-03-31 20:00:00+00,2017-03-31 23:00:00+00,4586fd80-6274-42f0-99e6-5adf4fa36d6d
,3034,2017-03-01 21:00:00+00,2017-03-02 00:00:00+00,4586fd80-6274-42f0-99e6-5adf4fa36d6d
,3035,2017-03-10 21:00:00+00,2017-03-11 00:00:00+00,4586fd80-6274-42f0-99e6-5adf4fa36d6d
,3036,2017-04-07 20:00:00+00,2017-04-07 23:00:00+00,4586fd80-6274-42f0-99e6-5adf4fa36d6d
,3037,2017-03-24 20:00:00+00,2017-03-24 23:00:00+00,4586fd80-6274-42f0-99e6-5adf4fa36d6d
,3038,2017-03-03 21:00:00+00,2017-03-04 00:00:00+00,4586fd80-6274-42f0-99e6-5adf4fa36d6d
,3049,2017-03-01 16:00:00+00,2017-03-01 23:00:00+00,ce99d002-7d44-488a-8605-20c1fa887942
,3050,2017-04-14 15:00:00+00,2017-04-14 22:00:00+00,ce99d002-7d44-488a-8605-20c1fa887942
,3051,2017-03-10 16:00:00+00,2017-03-10 23:00:00+00,ce99d002-7d44-488a-8605-20c1fa887942
,3052,2017-03-17 15:00:00+00,2017-03-17 22:00:00+00,ce99d002-7d44-488a-8605-20c1fa887942
,3053,2017-03-31 15:00:00+00,2017-03-31 22:00:00+00,ce99d002-7d44-488a-8605-20c1fa887942
,3054,2017-03-24 15:00:00+00,2017-03-24 22:00:00+00,ce99d002-7d44-488a-8605-20c1fa887942
,3055,2017-03-03 16:00:00+00,2017-03-03 23:00:00+00,ce99d002-7d44-488a-8605-20c1fa887942
,3056,2017-04-07 15:00:00+00,2017-04-07 22:00:00+00,ce99d002-7d44-488a-8605-20c1fa887942
,3057,2017-03-03 21:00:00+00,2017-03-04 00:00:00+00,919eace8-bb0b-42d1-8ffd-4ebfe1d5fcdb
,3058,2017-03-01 21:00:00+00,2017-03-02 00:00:00+00,919eace8-bb0b-42d1-8ffd-4ebfe1d5fcdb
,3059,2017-03-31 20:00:00+00,2017-03-31 23:00:00+00,919eace8-bb0b-42d1-8ffd-4ebfe1d5fcdb
,3060,2017-03-24 20:00:00+00,2017-03-24 23:00:00+00,919eace8-bb0b-42d1-8ffd-4ebfe1d5fcdb
,3061,2017-03-17 20:00:00+00,2017-03-17 23:00:00+00,919eace8-bb0b-42d1-8ffd-4ebfe1d5fcdb
,3062,2017-04-07 20:00:00+00,2017-04-07 23:00:00+00,919eace8-bb0b-42d1-8ffd-4ebfe1d5fcdb
,3063,2017-03-10 21:00:00+00,2017-03-11 00:00:00+00,919eace8-bb0b-42d1-8ffd-4ebfe1d5fcdb
,3064,2017-04-07 15:00:00+00,2017-04-07 22:00:00+00,67
,3065,2017-03-24 15:00:00+00,2017-03-24 22:00:00+00,67
,3066,2017-03-10 16:00:00+00,2017-03-10 23:00:00+00,67
,3067,2017-03-03 16:00:00+00,2017-03-03 23:00:00+00,67
,3075,2017-03-24 20:30:00+00,2017-03-24 23:30:00+00,2cff26c4-72f1-49eb-9f90-548379c5eee7
,3076,2017-03-31 20:30:00+00,2017-03-31 23:30:00+00,2cff26c4-72f1-49eb-9f90-548379c5eee7
,3077,2017-04-07 20:30:00+00,2017-04-07 23:30:00+00,2cff26c4-72f1-49eb-9f90-548379c5eee7
,3078,2017-03-17 20:30:00+00,2017-03-17 23:30:00+00,2cff26c4-72f1-49eb-9f90-548379c5eee7
,3079,2017-03-10 21:30:00+00,2017-03-11 00:30:00+00,2cff26c4-72f1-49eb-9f90-548379c5eee7
,3080,2017-03-03 21:30:00+00,2017-03-04 00:30:00+00,2cff26c4-72f1-49eb-9f90-548379c5eee7
,3081,2017-03-01 16:00:00+00,2017-03-02 00:00:00+00,15
,3082,2017-03-03 16:00:00+00,2017-03-04 00:00:00+00,172
,3083,2017-03-17 15:00:00+00,2017-03-17 23:00:00+00,172
,3084,2017-04-07 15:00:00+00,2017-04-07 23:00:00+00,172
,3085,2017-03-31 15:00:00+00,2017-03-31 23:00:00+00,172
,3086,2017-03-10 16:00:00+00,2017-03-11 00:00:00+00,172
,3087,2017-03-01 16:00:00+00,2017-03-02 00:00:00+00,172
,3088,2017-04-14 15:00:00+00,2017-04-14 23:00:00+00,172
,3089,2017-03-24 15:00:00+00,2017-03-24 23:00:00+00,172
,3090,2017-03-31 15:30:00+00,2017-03-31 18:00:00+00,30ba146c-b6d6-480b-81eb-fac641795c42
,3091,2017-04-07 15:30:00+00,2017-04-07 18:00:00+00,30ba146c-b6d6-480b-81eb-fac641795c42
,3092,2017-04-07 20:00:00+00,2017-04-07 23:00:00+00,30ba146c-b6d6-480b-81eb-fac641795c42
,3093,2017-03-17 20:00:00+00,2017-03-17 23:00:00+00,30ba146c-b6d6-480b-81eb-fac641795c42
,3094,2017-03-24 20:00:00+00,2017-03-24 23:00:00+00,30ba146c-b6d6-480b-81eb-fac641795c42
,3095,2017-03-01 16:30:00+00,2017-03-01 19:00:00+00,30ba146c-b6d6-480b-81eb-fac641795c42
,3096,2017-03-31 20:00:00+00,2017-03-31 23:00:00+00,30ba146c-b6d6-480b-81eb-fac641795c42
,3097,2017-03-03 16:30:00+00,2017-03-03 19:00:00+00,30ba146c-b6d6-480b-81eb-fac641795c42
,3098,2017-03-03 21:00:00+00,2017-03-04 00:00:00+00,30ba146c-b6d6-480b-81eb-fac641795c42
,3099,2017-03-10 21:00:00+00,2017-03-11 00:00:00+00,30ba146c-b6d6-480b-81eb-fac641795c42
,3100,2017-03-17 15:30:00+00,2017-03-17 18:00:00+00,30ba146c-b6d6-480b-81eb-fac641795c42
,3101,2017-03-24 15:30:00+00,2017-03-24 18:00:00+00,30ba146c-b6d6-480b-81eb-fac641795c42
,3102,2017-03-01 21:00:00+00,2017-03-02 00:00:00+00,30ba146c-b6d6-480b-81eb-fac641795c42
,3103,2017-03-10 16:30:00+00,2017-03-10 19:00:00+00,30ba146c-b6d6-480b-81eb-fac641795c42
,3504,2017-03-01 21:00:00+00,2017-03-02 00:00:00+00,16a087f9-d443-4923-8114-b749628ae27a
,3505,2017-03-10 21:00:00+00,2017-03-11 00:00:00+00,16a087f9-d443-4923-8114-b749628ae27a
,3506,2017-03-03 21:00:00+00,2017-03-04 00:00:00+00,16a087f9-d443-4923-8114-b749628ae27a
,3507,2017-04-07 20:00:00+00,2017-04-07 23:00:00+00,16a087f9-d443-4923-8114-b749628ae27a
,3508,2017-03-17 20:00:00+00,2017-03-17 23:00:00+00,16a087f9-d443-4923-8114-b749628ae27a
,3509,2017-04-14 20:00:00+00,2017-04-14 23:00:00+00,16a087f9-d443-4923-8114-b749628ae27a
,3510,2017-03-31 20:00:00+00,2017-03-31 23:00:00+00,16a087f9-d443-4923-8114-b749628ae27a
,3511,2017-03-24 20:00:00+00,2017-03-24 23:00:00+00,16a087f9-d443-4923-8114-b749628ae27a
,4293,2017-04-14 15:00:00+00,2017-04-15 03:00:00+00,8891952e-9a83-4ce6-860d-8e982705f6f2
,4294,2017-04-07 15:00:00+00,2017-04-08 03:00:00+00,8891952e-9a83-4ce6-860d-8e982705f6f2
,3120,2017-03-01 16:00:00+00,2017-03-01 18:00:00+00,92
,3121,2017-03-10 21:00:00+00,2017-03-11 00:00:00+00,92
,3122,2017-03-17 20:00:00+00,2017-03-17 23:00:00+00,92
,3123,2017-03-17 15:00:00+00,2017-03-17 17:00:00+00,92
,3124,2017-03-31 20:00:00+00,2017-03-31 23:00:00+00,92
,3125,2017-03-03 21:00:00+00,2017-03-04 00:00:00+00,92
,3126,2017-03-01 21:00:00+00,2017-03-02 00:00:00+00,92
,3127,2017-03-10 16:00:00+00,2017-03-10 18:00:00+00,92
,3128,2017-04-14 20:00:00+00,2017-04-14 23:00:00+00,92
,3129,2017-04-07 15:00:00+00,2017-04-07 17:00:00+00,92
,3130,2017-03-31 15:00:00+00,2017-03-31 17:00:00+00,92
,3131,2017-04-14 15:00:00+00,2017-04-14 17:00:00+00,92
,3132,2017-03-24 20:00:00+00,2017-03-24 23:00:00+00,92
,3133,2017-03-03 16:00:00+00,2017-03-03 18:00:00+00,92
,3134,2017-03-24 15:00:00+00,2017-03-24 17:00:00+00,92
,3135,2017-04-07 20:00:00+00,2017-04-07 23:00:00+00,92
,3140,2017-03-17 22:30:00+00,2017-03-18 00:30:00+00,699071b4-cf18-41cb-9324-72b6be6a9ef2
,3141,2017-03-31 22:30:00+00,2017-04-01 00:30:00+00,699071b4-cf18-41cb-9324-72b6be6a9ef2
,3142,2017-03-10 23:30:00+00,2017-03-11 01:30:00+00,699071b4-cf18-41cb-9324-72b6be6a9ef2
,3143,2017-03-24 22:30:00+00,2017-03-25 00:30:00+00,699071b4-cf18-41cb-9324-72b6be6a9ef2
,3144,2017-03-03 16:00:00+00,2017-03-04 00:00:00+00,167
,3145,2017-03-01 16:00:00+00,2017-03-02 00:00:00+00,167
,3146,2017-03-31 15:00:00+00,2017-03-31 23:00:00+00,167
,3147,2017-04-14 15:00:00+00,2017-04-14 23:00:00+00,167
,3148,2017-03-24 15:00:00+00,2017-03-24 23:00:00+00,167
,3149,2017-03-10 16:00:00+00,2017-03-11 00:00:00+00,167
,3150,2017-03-17 15:00:00+00,2017-03-17 23:00:00+00,167
,3151,2017-04-07 15:00:00+00,2017-04-07 23:00:00+00,167
,3160,2017-03-10 21:00:00+00,2017-03-10 23:30:00+00,157
,3161,2017-03-01 21:00:00+00,2017-03-01 23:30:00+00,157
,3162,2017-03-17 20:00:00+00,2017-03-17 22:30:00+00,157
,3163,2017-03-24 20:00:00+00,2017-03-24 22:30:00+00,157
,3164,2017-03-03 21:00:00+00,2017-03-03 23:30:00+00,157
,3165,2017-04-07 20:00:00+00,2017-04-07 22:30:00+00,157
,3166,2017-03-31 20:00:00+00,2017-03-31 22:30:00+00,157
,3167,2017-04-14 20:00:00+00,2017-04-14 22:30:00+00,157
,3168,2017-04-07 15:00:00+00,2017-04-07 23:00:00+00,100
,3169,2017-03-17 15:00:00+00,2017-03-17 23:00:00+00,100
,3170,2017-03-10 16:00:00+00,2017-03-11 00:00:00+00,100
,3171,2017-04-14 15:00:00+00,2017-04-14 23:00:00+00,100
,3172,2017-03-31 15:00:00+00,2017-03-31 23:00:00+00,100
,3173,2017-03-01 16:00:00+00,2017-03-02 00:00:00+00,100
,3174,2017-03-03 16:00:00+00,2017-03-04 00:00:00+00,100
,3175,2017-03-24 15:00:00+00,2017-03-24 23:00:00+00,100
,3184,2017-03-10 21:00:00+00,2017-03-11 00:00:00+00,168
,3185,2017-04-07 20:00:00+00,2017-04-07 23:00:00+00,168
,3186,2017-03-03 21:00:00+00,2017-03-04 00:00:00+00,168
,3187,2017-04-14 20:00:00+00,2017-04-14 23:00:00+00,168
,3188,2017-03-17 20:00:00+00,2017-03-17 23:00:00+00,168
,3189,2017-03-24 20:00:00+00,2017-03-24 23:00:00+00,168
,3190,2017-03-31 20:00:00+00,2017-03-31 23:00:00+00,168
,3203,2017-03-17 15:00:00+00,2017-03-17 22:00:00+00,4612ae29-29e6-4f9c-800d-6f0e5855c8ca
,3204,2017-04-14 15:00:00+00,2017-04-14 22:00:00+00,4612ae29-29e6-4f9c-800d-6f0e5855c8ca
,3205,2017-04-07 15:00:00+00,2017-04-07 22:00:00+00,4612ae29-29e6-4f9c-800d-6f0e5855c8ca
,3206,2017-03-01 16:00:00+00,2017-03-01 23:00:00+00,4612ae29-29e6-4f9c-800d-6f0e5855c8ca
,3207,2017-03-31 15:00:00+00,2017-03-31 22:00:00+00,4612ae29-29e6-4f9c-800d-6f0e5855c8ca
,3208,2017-03-03 16:00:00+00,2017-03-03 23:00:00+00,4612ae29-29e6-4f9c-800d-6f0e5855c8ca
,3209,2017-03-10 16:00:00+00,2017-03-10 23:00:00+00,4612ae29-29e6-4f9c-800d-6f0e5855c8ca
,3210,2017-03-24 15:00:00+00,2017-03-24 22:00:00+00,4612ae29-29e6-4f9c-800d-6f0e5855c8ca
,3211,2017-03-24 20:30:00+00,2017-03-24 23:00:00+00,44
,3212,2017-03-03 21:30:00+00,2017-03-04 00:00:00+00,44
,3213,2017-03-17 20:30:00+00,2017-03-17 23:00:00+00,44
,3214,2017-03-10 21:30:00+00,2017-03-11 00:00:00+00,44
,3215,2017-04-07 20:30:00+00,2017-04-07 23:00:00+00,44
,3216,2017-03-31 20:30:00+00,2017-03-31 23:00:00+00,44
,3217,2017-04-14 20:30:00+00,2017-04-14 23:00:00+00,44
,4295,2017-03-31 15:00:00+00,2017-04-01 03:00:00+00,8891952e-9a83-4ce6-860d-8e982705f6f2
,4369,2017-04-07 20:00:00+00,2017-04-07 23:00:00+00,20
,4370,2017-03-31 20:00:00+00,2017-03-31 23:00:00+00,20
,4371,2017-04-07 19:00:00+00,2017-04-07 23:00:00+00,20
,4372,2017-04-14 20:00:00+00,2017-04-15 00:00:00+00,147
,4373,2017-03-31 20:00:00+00,2017-04-01 00:00:00+00,147
,4374,2017-04-07 20:00:00+00,2017-04-08 00:00:00+00,147
,4375,2017-03-31 20:00:00+00,2017-03-31 23:00:00+00,aee03177-fb1c-4e0d-b2f6-5c271712dbad
,4376,2017-04-07 20:00:00+00,2017-04-07 23:00:00+00,aee03177-fb1c-4e0d-b2f6-5c271712dbad
,4377,2017-04-14 20:00:00+00,2017-04-14 23:00:00+00,aee03177-fb1c-4e0d-b2f6-5c271712dbad
,4401,2017-04-07 15:00:00+00,2017-04-07 23:00:00+00,161
,4402,2017-04-14 15:00:00+00,2017-04-14 23:00:00+00,161
,4403,2017-03-31 15:00:00+00,2017-03-31 23:00:00+00,161
,4440,2017-04-14 15:00:00+00,2017-04-14 23:00:00+00,1df62a8a-fc8f-4f4d-a0ac-907161b8bf73
,3242,2017-03-03 20:00:00+00,2017-03-04 00:00:00+00,34
,3243,2017-03-17 19:00:00+00,2017-03-17 23:00:00+00,34
,3244,2017-03-24 19:00:00+00,2017-03-24 23:00:00+00,34
,3245,2017-04-14 19:00:00+00,2017-04-14 23:00:00+00,34
,3246,2017-04-07 19:00:00+00,2017-04-07 23:00:00+00,34
,3247,2017-03-10 20:00:00+00,2017-03-11 00:00:00+00,34
,3248,2017-03-01 20:00:00+00,2017-03-02 00:00:00+00,34
,3249,2017-03-31 19:00:00+00,2017-03-31 23:00:00+00,34
,3250,2017-03-03 15:00:00+00,2017-03-03 23:00:00+00,77
,3251,2017-03-10 15:00:00+00,2017-03-10 23:00:00+00,77
,3252,2017-04-14 14:00:00+00,2017-04-14 22:00:00+00,77
,3253,2017-03-31 14:00:00+00,2017-03-31 22:00:00+00,77
,3254,2017-03-01 15:00:00+00,2017-03-01 23:00:00+00,77
,3255,2017-03-17 14:00:00+00,2017-03-17 22:00:00+00,77
,3256,2017-04-07 14:00:00+00,2017-04-07 22:00:00+00,77
,3257,2017-03-24 14:00:00+00,2017-03-24 22:00:00+00,77
,4441,2017-03-31 20:00:00+00,2017-03-31 23:00:00+00,558bb118-d87e-4820-9094-161e1db2812c
,4442,2017-04-07 20:00:00+00,2017-04-07 23:00:00+00,558bb118-d87e-4820-9094-161e1db2812c
,4457,2017-04-07 15:00:00+00,2017-04-07 23:00:00+00,e3d7d212-cf3d-466e-a43c-d38f33c68353
,4458,2017-03-01 16:00:00+00,2017-03-02 00:00:00+00,e3d7d212-cf3d-466e-a43c-d38f33c68353
,4459,2017-03-31 15:00:00+00,2017-03-31 23:00:00+00,e3d7d212-cf3d-466e-a43c-d38f33c68353
,4460,2017-03-17 21:00:00+00,2017-03-17 23:00:00+00,75
,4461,2017-03-24 21:00:00+00,2017-03-24 23:00:00+00,75
,4462,2017-04-07 21:00:00+00,2017-04-07 23:00:00+00,75
,4463,2017-03-03 22:00:00+00,2017-03-04 00:00:00+00,75
,4464,2017-04-14 21:00:00+00,2017-04-14 23:00:00+00,75
,4465,2017-03-10 22:00:00+00,2017-03-11 00:00:00+00,75
,3269,2017-04-07 15:00:00+00,2017-04-07 21:00:00+00,179
,3270,2017-03-17 15:00:00+00,2017-03-17 21:00:00+00,179
,3271,2017-03-31 15:00:00+00,2017-03-31 21:00:00+00,179
,3272,2017-04-14 15:00:00+00,2017-04-14 21:00:00+00,179
,3273,2017-03-24 15:00:00+00,2017-03-24 21:00:00+00,179
,3274,2017-03-10 16:00:00+00,2017-03-10 22:00:00+00,179
,3275,2017-03-03 16:00:00+00,2017-03-03 22:00:00+00,179
,3276,2017-03-10 16:00:00+00,2017-03-11 01:00:00+00,108
,3277,2017-03-03 16:00:00+00,2017-03-04 01:00:00+00,108
,3278,2017-03-24 15:00:00+00,2017-03-25 00:00:00+00,108
,3279,2017-03-17 15:00:00+00,2017-03-18 00:00:00+00,108
,3280,2017-04-14 15:00:00+00,2017-04-15 00:00:00+00,108
,3281,2017-03-31 15:00:00+00,2017-04-01 00:00:00+00,108
,3282,2017-03-01 16:00:00+00,2017-03-02 01:00:00+00,108
,3283,2017-04-07 15:00:00+00,2017-04-08 00:00:00+00,108
,4466,2017-03-31 21:00:00+00,2017-03-31 23:00:00+00,75
,4467,2017-04-14 21:00:00+00,2017-04-15 01:00:00+00,d9f4a3d0-fff9-4ce5-a264-cb8ff7e9cb47
,3292,2017-03-10 16:00:00+00,2017-03-11 01:00:00+00,164
,3293,2017-03-01 16:00:00+00,2017-03-02 01:00:00+00,164
,3294,2017-03-24 15:00:00+00,2017-03-25 00:00:00+00,164
,3295,2017-03-03 16:00:00+00,2017-03-04 01:00:00+00,164
,3296,2017-04-07 15:00:00+00,2017-04-08 00:00:00+00,164
,3297,2017-03-17 15:00:00+00,2017-03-18 00:00:00+00,164
,3298,2017-03-31 15:00:00+00,2017-04-01 00:00:00+00,164
,3299,2017-04-14 15:00:00+00,2017-04-15 00:00:00+00,164
,3308,2017-03-03 14:00:00+00,2017-03-04 05:00:00+00,9283c9e9-41d8-4b4a-bb35-ebf5787b5a61
,3309,2017-03-24 13:00:00+00,2017-03-25 04:00:00+00,9283c9e9-41d8-4b4a-bb35-ebf5787b5a61
,3310,2017-04-07 13:00:00+00,2017-04-08 04:00:00+00,9283c9e9-41d8-4b4a-bb35-ebf5787b5a61
,3311,2017-03-10 14:00:00+00,2017-03-11 05:00:00+00,9283c9e9-41d8-4b4a-bb35-ebf5787b5a61
,3312,2017-03-31 13:00:00+00,2017-04-01 04:00:00+00,9283c9e9-41d8-4b4a-bb35-ebf5787b5a61
,3313,2017-04-14 13:00:00+00,2017-04-15 04:00:00+00,9283c9e9-41d8-4b4a-bb35-ebf5787b5a61
,3314,2017-03-17 13:00:00+00,2017-03-18 04:00:00+00,9283c9e9-41d8-4b4a-bb35-ebf5787b5a61
,3338,2017-03-24 20:30:00+00,2017-03-24 23:00:00+00,35
,3339,2017-03-03 21:30:00+00,2017-03-04 00:00:00+00,35
,3340,2017-04-07 20:30:00+00,2017-04-07 23:00:00+00,35
,3341,2017-03-10 21:30:00+00,2017-03-11 00:00:00+00,35
,3342,2017-03-17 20:30:00+00,2017-03-17 23:00:00+00,35
,3343,2017-03-31 20:30:00+00,2017-03-31 23:00:00+00,35
,3344,2017-04-14 20:30:00+00,2017-04-14 23:00:00+00,35
,3366,2017-03-17 15:00:00+00,2017-03-18 00:00:00+00,74
,3367,2017-03-31 15:00:00+00,2017-04-01 00:00:00+00,74
,3368,2017-03-03 16:00:00+00,2017-03-04 01:00:00+00,74
,3369,2017-03-10 16:00:00+00,2017-03-11 01:00:00+00,74
,3370,2017-04-07 15:00:00+00,2017-04-08 00:00:00+00,74
,3371,2017-04-14 15:00:00+00,2017-04-15 00:00:00+00,74
,3372,2017-03-24 15:00:00+00,2017-03-25 00:00:00+00,74
,3373,2017-03-17 15:00:00+00,2017-03-17 22:00:00+00,40
,3374,2017-04-07 15:00:00+00,2017-04-07 22:00:00+00,40
,3375,2017-04-14 15:00:00+00,2017-04-14 22:00:00+00,40
,3376,2017-03-03 16:00:00+00,2017-03-03 23:00:00+00,40
,3377,2017-03-10 16:00:00+00,2017-03-10 23:00:00+00,40
,3378,2017-03-31 15:00:00+00,2017-03-31 22:00:00+00,40
,3379,2017-03-24 15:00:00+00,2017-03-24 22:00:00+00,40
,4296,2017-03-03 15:00:00+00,2017-03-04 00:00:00+00,41
,4297,2017-03-01 15:00:00+00,2017-03-02 00:00:00+00,41
,4298,2017-03-10 15:00:00+00,2017-03-11 00:00:00+00,41
,4299,2017-03-24 14:00:00+00,2017-03-24 23:00:00+00,41
,4300,2017-04-14 14:00:00+00,2017-04-14 23:00:00+00,41
,4301,2017-03-17 14:00:00+00,2017-03-17 23:00:00+00,41
,4302,2017-03-31 14:00:00+00,2017-03-31 23:00:00+00,41
,4303,2017-04-07 14:00:00+00,2017-04-07 23:00:00+00,41
,4318,2017-03-10 21:00:00+00,2017-03-11 00:00:00+00,23916848-7974-4762-9d71-9c31fc7e4da4
,4319,2017-04-07 20:00:00+00,2017-04-07 23:00:00+00,23916848-7974-4762-9d71-9c31fc7e4da4
,4320,2017-03-03 21:00:00+00,2017-03-04 00:00:00+00,23916848-7974-4762-9d71-9c31fc7e4da4
,4321,2017-03-24 20:00:00+00,2017-03-24 23:00:00+00,23916848-7974-4762-9d71-9c31fc7e4da4
,4322,2017-03-24 15:00:00+00,2017-03-24 18:00:00+00,23916848-7974-4762-9d71-9c31fc7e4da4
,4323,2017-03-31 20:00:00+00,2017-03-31 23:00:00+00,23916848-7974-4762-9d71-9c31fc7e4da4
,4324,2017-03-10 16:00:00+00,2017-03-10 19:00:00+00,23916848-7974-4762-9d71-9c31fc7e4da4
,3526,2017-03-24 20:00:00+00,2017-03-25 00:00:00+00,2d22f44e-1365-4cf4-a29c-d3fe095fbd1d
,3527,2017-03-31 20:00:00+00,2017-04-01 00:00:00+00,2d22f44e-1365-4cf4-a29c-d3fe095fbd1d
,3528,2017-03-10 21:00:00+00,2017-03-11 01:00:00+00,2d22f44e-1365-4cf4-a29c-d3fe095fbd1d
,3529,2017-04-07 20:00:00+00,2017-04-08 00:00:00+00,2d22f44e-1365-4cf4-a29c-d3fe095fbd1d
,3530,2017-04-14 15:30:00+00,2017-04-15 00:00:00+00,2d22f44e-1365-4cf4-a29c-d3fe095fbd1d
,3531,2017-03-17 20:00:00+00,2017-03-18 00:00:00+00,2d22f44e-1365-4cf4-a29c-d3fe095fbd1d
,3532,2017-03-03 21:00:00+00,2017-03-04 01:00:00+00,2d22f44e-1365-4cf4-a29c-d3fe095fbd1d
,4325,2017-03-17 15:00:00+00,2017-03-17 18:00:00+00,23916848-7974-4762-9d71-9c31fc7e4da4
,4326,2017-04-07 15:00:00+00,2017-04-07 18:00:00+00,23916848-7974-4762-9d71-9c31fc7e4da4
,4327,2017-03-31 15:00:00+00,2017-03-31 18:00:00+00,23916848-7974-4762-9d71-9c31fc7e4da4
,4328,2017-03-17 20:00:00+00,2017-03-17 23:00:00+00,23916848-7974-4762-9d71-9c31fc7e4da4
,4378,2017-04-14 19:00:00+00,2017-04-14 23:00:00+00,129
,3600,2017-04-07 20:00:00+00,2017-04-08 01:00:00+00,f98395b7-0b30-452e-b753-508434b4d713
,3601,2017-03-10 21:00:00+00,2017-03-11 02:00:00+00,f98395b7-0b30-452e-b753-508434b4d713
,3602,2017-04-14 20:00:00+00,2017-04-15 01:00:00+00,f98395b7-0b30-452e-b753-508434b4d713
,3603,2017-03-31 20:00:00+00,2017-04-01 01:00:00+00,f98395b7-0b30-452e-b753-508434b4d713
,3604,2017-03-17 20:00:00+00,2017-03-18 01:00:00+00,f98395b7-0b30-452e-b753-508434b4d713
,3605,2017-03-03 21:00:00+00,2017-03-04 02:00:00+00,f98395b7-0b30-452e-b753-508434b4d713
,3606,2017-03-24 20:00:00+00,2017-03-25 01:00:00+00,f98395b7-0b30-452e-b753-508434b4d713
,3607,2017-03-10 21:00:00+00,2017-03-11 00:00:00+00,43
,3608,2017-03-24 20:00:00+00,2017-03-24 23:00:00+00,43
,3609,2017-03-17 20:00:00+00,2017-03-17 23:00:00+00,43
,3610,2017-03-03 21:00:00+00,2017-03-04 00:00:00+00,43
,3611,2017-04-14 20:00:00+00,2017-04-14 23:00:00+00,43
,3612,2017-04-07 20:00:00+00,2017-04-07 23:00:00+00,43
,3613,2017-03-31 20:00:00+00,2017-03-31 23:00:00+00,43
,3639,2017-03-10 16:00:00+00,2017-03-11 01:00:00+00,84db0208-8465-42aa-af89-bc265ae5db4b
,3640,2017-03-03 16:00:00+00,2017-03-04 01:00:00+00,84db0208-8465-42aa-af89-bc265ae5db4b
,3641,2017-04-07 15:00:00+00,2017-04-08 00:00:00+00,84db0208-8465-42aa-af89-bc265ae5db4b
,3642,2017-03-24 15:00:00+00,2017-03-25 00:00:00+00,84db0208-8465-42aa-af89-bc265ae5db4b
,3643,2017-03-17 15:00:00+00,2017-03-18 00:00:00+00,84db0208-8465-42aa-af89-bc265ae5db4b
,3644,2017-04-14 15:00:00+00,2017-04-15 00:00:00+00,84db0208-8465-42aa-af89-bc265ae5db4b
,3645,2017-03-31 15:00:00+00,2017-04-01 00:00:00+00,84db0208-8465-42aa-af89-bc265ae5db4b
,3658,2017-03-10 21:00:00+00,2017-03-11 00:00:00+00,107
,3659,2017-03-24 15:30:00+00,2017-03-24 17:30:00+00,107
,3660,2017-03-17 20:00:00+00,2017-03-17 23:00:00+00,107
,3661,2017-03-03 21:00:00+00,2017-03-04 00:00:00+00,107
,3662,2017-04-14 19:00:00+00,2017-04-14 23:00:00+00,107
,3663,2017-03-03 16:30:00+00,2017-03-03 18:30:00+00,107
,3664,2017-03-24 20:00:00+00,2017-03-24 23:00:00+00,107
,3665,2017-04-07 15:30:00+00,2017-04-07 17:30:00+00,107
,3666,2017-04-07 20:00:00+00,2017-04-07 23:00:00+00,107
,3667,2017-03-17 15:30:00+00,2017-03-17 17:30:00+00,107
,3668,2017-03-31 15:30:00+00,2017-03-31 17:30:00+00,107
,3669,2017-03-10 16:30:00+00,2017-03-10 18:30:00+00,107
,3670,2017-03-31 20:00:00+00,2017-03-31 23:00:00+00,107
,3673,2017-04-07 20:00:00+00,2017-04-07 23:00:00+00,bd754495-d910-4da3-b847-910bdb4b6824
,3674,2017-03-03 21:00:00+00,2017-03-04 00:00:00+00,bd754495-d910-4da3-b847-910bdb4b6824
,3675,2017-03-24 20:00:00+00,2017-03-24 23:00:00+00,bd754495-d910-4da3-b847-910bdb4b6824
,3676,2017-03-31 20:00:00+00,2017-03-31 23:00:00+00,bd754495-d910-4da3-b847-910bdb4b6824
,3677,2017-03-10 21:00:00+00,2017-03-11 00:00:00+00,bd754495-d910-4da3-b847-910bdb4b6824
,3678,2017-03-17 20:00:00+00,2017-03-17 23:00:00+00,bd754495-d910-4da3-b847-910bdb4b6824
,3679,2017-04-14 20:00:00+00,2017-04-14 23:00:00+00,bd754495-d910-4da3-b847-910bdb4b6824
,3687,2017-04-07 20:00:00+00,2017-04-07 23:00:00+00,e13250c8-4e54-4cb9-b3f2-d8aef94201ac
,3688,2017-03-03 21:00:00+00,2017-03-04 00:00:00+00,e13250c8-4e54-4cb9-b3f2-d8aef94201ac
,3689,2017-03-24 20:00:00+00,2017-03-24 23:00:00+00,e13250c8-4e54-4cb9-b3f2-d8aef94201ac
,3690,2017-03-31 20:00:00+00,2017-03-31 23:00:00+00,e13250c8-4e54-4cb9-b3f2-d8aef94201ac
,3691,2017-03-10 21:00:00+00,2017-03-11 00:00:00+00,e13250c8-4e54-4cb9-b3f2-d8aef94201ac
,3692,2017-03-17 20:00:00+00,2017-03-17 23:00:00+00,e13250c8-4e54-4cb9-b3f2-d8aef94201ac
,3693,2017-04-14 20:00:00+00,2017-04-14 23:00:00+00,e13250c8-4e54-4cb9-b3f2-d8aef94201ac
,3698,2017-03-10 21:00:00+00,2017-03-11 00:00:00+00,1c632b42-59dc-4240-8035-30a272cf3d6e
,3699,2017-03-17 20:00:00+00,2017-03-17 23:00:00+00,1c632b42-59dc-4240-8035-30a272cf3d6e
,3700,2017-04-14 20:00:00+00,2017-04-14 23:00:00+00,1c632b42-59dc-4240-8035-30a272cf3d6e
,3701,2017-04-07 20:00:00+00,2017-04-07 23:00:00+00,183d1170-aa67-4cb4-9697-f7de9ca69311
,3702,2017-03-03 21:00:00+00,2017-03-04 00:00:00+00,183d1170-aa67-4cb4-9697-f7de9ca69311
,3703,2017-03-24 20:00:00+00,2017-03-24 23:00:00+00,183d1170-aa67-4cb4-9697-f7de9ca69311
,3704,2017-03-31 20:00:00+00,2017-03-31 23:00:00+00,183d1170-aa67-4cb4-9697-f7de9ca69311
,3705,2017-03-10 21:00:00+00,2017-03-11 00:00:00+00,183d1170-aa67-4cb4-9697-f7de9ca69311
,3706,2017-03-17 20:00:00+00,2017-03-17 23:00:00+00,183d1170-aa67-4cb4-9697-f7de9ca69311
,3707,2017-04-14 20:00:00+00,2017-04-14 23:00:00+00,183d1170-aa67-4cb4-9697-f7de9ca69311
,3708,2017-04-07 20:00:00+00,2017-04-07 23:00:00+00,eb585c98-a235-4244-a15a-6d89950b9645
,3709,2017-03-03 21:00:00+00,2017-03-04 00:00:00+00,eb585c98-a235-4244-a15a-6d89950b9645
,3710,2017-03-24 20:00:00+00,2017-03-24 23:00:00+00,eb585c98-a235-4244-a15a-6d89950b9645
,3711,2017-03-31 20:00:00+00,2017-03-31 23:00:00+00,eb585c98-a235-4244-a15a-6d89950b9645
,3712,2017-03-10 21:00:00+00,2017-03-11 00:00:00+00,eb585c98-a235-4244-a15a-6d89950b9645
,3713,2017-03-17 20:00:00+00,2017-03-17 23:00:00+00,eb585c98-a235-4244-a15a-6d89950b9645
,3714,2017-04-14 20:00:00+00,2017-04-14 23:00:00+00,eb585c98-a235-4244-a15a-6d89950b9645
,4307,2017-04-07 15:00:00+00,2017-04-07 22:00:00+00,5ffdab2e-7da3-4548-bb78-854a10cd50a5
,4308,2017-03-24 15:00:00+00,2017-03-24 22:00:00+00,5ffdab2e-7da3-4548-bb78-854a10cd50a5
,4309,2017-03-31 15:00:00+00,2017-03-31 22:00:00+00,5ffdab2e-7da3-4548-bb78-854a10cd50a5
,4310,2017-04-14 15:00:00+00,2017-04-14 22:00:00+00,c7afb9f4-7416-46c9-9b4e-482cc993e714
,4311,2017-03-31 15:00:00+00,2017-03-31 22:00:00+00,c7afb9f4-7416-46c9-9b4e-482cc993e714
,4312,2017-03-24 15:00:00+00,2017-03-24 22:00:00+00,c7afb9f4-7416-46c9-9b4e-482cc993e714
,4313,2017-04-07 15:00:00+00,2017-04-07 22:00:00+00,c7afb9f4-7416-46c9-9b4e-482cc993e714
,4329,2017-03-24 15:00:00+00,2017-03-24 23:00:00+00,138
,4330,2017-03-17 15:00:00+00,2017-03-17 23:00:00+00,138
,4331,2017-03-31 15:00:00+00,2017-03-31 23:00:00+00,138
,4332,2017-04-14 15:00:00+00,2017-04-14 23:00:00+00,138
,4333,2017-04-07 15:00:00+00,2017-04-07 23:00:00+00,138
,4379,2017-03-31 19:00:00+00,2017-03-31 23:00:00+00,129
,4380,2017-04-07 19:00:00+00,2017-04-07 23:00:00+00,129
,4407,2017-04-07 15:00:00+00,2017-04-07 23:00:00+00,176
,4408,2017-03-31 15:00:00+00,2017-03-31 23:00:00+00,176
,4443,2017-03-17 15:30:00+00,2017-03-17 23:00:00+00,5270c141-b62a-4122-b8bf-21ec865ad2e8
,4444,2017-03-10 16:30:00+00,2017-03-11 00:00:00+00,5270c141-b62a-4122-b8bf-21ec865ad2e8
,4445,2017-03-03 16:30:00+00,2017-03-04 00:00:00+00,5270c141-b62a-4122-b8bf-21ec865ad2e8
,4446,2017-03-24 15:30:00+00,2017-03-24 23:00:00+00,5270c141-b62a-4122-b8bf-21ec865ad2e8
,4447,2017-03-31 15:30:00+00,2017-03-31 23:00:00+00,5270c141-b62a-4122-b8bf-21ec865ad2e8
,4448,2017-04-07 15:30:00+00,2017-04-07 23:00:00+00,5270c141-b62a-4122-b8bf-21ec865ad2e8
,3723,2017-04-07 19:30:00+00,2017-04-07 23:00:00+00,49
,3724,2017-03-03 20:30:00+00,2017-03-04 00:00:00+00,49
,3725,2017-03-31 19:30:00+00,2017-03-31 23:00:00+00,49
,3726,2017-04-14 19:30:00+00,2017-04-14 23:00:00+00,49
,3727,2017-03-17 19:30:00+00,2017-03-17 23:00:00+00,49
,3728,2017-03-10 20:30:00+00,2017-03-11 00:00:00+00,49
,4314,2017-03-24 20:00:00+00,2017-03-24 23:00:00+00,9234a6e8-5518-404a-b3e3-c50e005ffdbe
,4315,2017-04-14 20:00:00+00,2017-04-14 23:00:00+00,9234a6e8-5518-404a-b3e3-c50e005ffdbe
,4316,2017-04-07 20:00:00+00,2017-04-07 23:00:00+00,9234a6e8-5518-404a-b3e3-c50e005ffdbe
,4317,2017-03-31 20:00:00+00,2017-03-31 23:00:00+00,9234a6e8-5518-404a-b3e3-c50e005ffdbe
,4341,2017-04-14 19:00:00+00,2017-04-14 22:00:00+00,2f056615-b262-47f9-a3b7-35213c350702
,4342,2017-03-24 20:00:00+00,2017-03-24 23:00:00+00,2f056615-b262-47f9-a3b7-35213c350702
,4343,2017-03-31 20:00:00+00,2017-03-31 23:00:00+00,2f056615-b262-47f9-a3b7-35213c350702
,3736,2017-03-17 20:30:00+00,2017-03-17 22:30:00+00,339f6d43-98a7-47ea-9aa7-1023c4e9393c
,3737,2017-03-31 20:30:00+00,2017-03-31 22:30:00+00,339f6d43-98a7-47ea-9aa7-1023c4e9393c
,3738,2017-03-10 21:30:00+00,2017-03-10 23:30:00+00,339f6d43-98a7-47ea-9aa7-1023c4e9393c
,3739,2017-03-24 20:30:00+00,2017-03-24 22:30:00+00,339f6d43-98a7-47ea-9aa7-1023c4e9393c
,3740,2017-03-03 21:30:00+00,2017-03-03 23:30:00+00,339f6d43-98a7-47ea-9aa7-1023c4e9393c
,3741,2017-04-07 20:30:00+00,2017-04-07 22:30:00+00,339f6d43-98a7-47ea-9aa7-1023c4e9393c
,3750,2017-04-14 16:00:00+00,2017-04-14 22:00:00+00,153
,3751,2017-03-01 17:00:00+00,2017-03-01 23:00:00+00,153
,3752,2017-03-17 16:00:00+00,2017-03-17 22:00:00+00,153
,3753,2017-03-10 17:00:00+00,2017-03-10 23:00:00+00,153
,3754,2017-03-24 16:00:00+00,2017-03-24 22:00:00+00,153
,3755,2017-04-07 16:00:00+00,2017-04-07 22:00:00+00,153
,3756,2017-03-31 16:00:00+00,2017-03-31 22:00:00+00,153
,3757,2017-03-03 17:00:00+00,2017-03-03 23:00:00+00,153
,3758,2017-03-24 20:30:00+00,2017-03-24 23:00:00+00,6fca4817-fcf8-4db9-be97-90b3ba9c9c49
,3759,2017-03-03 21:30:00+00,2017-03-04 00:00:00+00,6fca4817-fcf8-4db9-be97-90b3ba9c9c49
,3760,2017-03-31 20:30:00+00,2017-03-31 23:00:00+00,6fca4817-fcf8-4db9-be97-90b3ba9c9c49
,3761,2017-03-17 20:30:00+00,2017-03-17 23:00:00+00,6fca4817-fcf8-4db9-be97-90b3ba9c9c49
,3762,2017-03-10 21:30:00+00,2017-03-11 00:00:00+00,6fca4817-fcf8-4db9-be97-90b3ba9c9c49
,3763,2017-04-07 20:30:00+00,2017-04-07 23:00:00+00,6fca4817-fcf8-4db9-be97-90b3ba9c9c49
,3764,2017-03-24 20:30:00+00,2017-03-24 23:00:00+00,65
,3765,2017-04-07 20:30:00+00,2017-04-07 23:00:00+00,65
,3766,2017-03-10 21:30:00+00,2017-03-11 00:00:00+00,65
,3767,2017-03-03 21:30:00+00,2017-03-04 00:00:00+00,65
,3768,2017-03-17 20:30:00+00,2017-03-17 23:00:00+00,65
,3769,2017-03-31 20:30:00+00,2017-03-31 23:00:00+00,65
,3770,2017-04-07 20:00:00+00,2017-04-07 23:00:00+00,97
,3771,2017-03-24 20:00:00+00,2017-03-24 23:00:00+00,97
,3772,2017-03-10 21:00:00+00,2017-03-11 00:00:00+00,97
,3773,2017-03-17 20:00:00+00,2017-03-17 23:00:00+00,97
,3774,2017-03-31 20:00:00+00,2017-03-31 23:00:00+00,97
,3775,2017-04-14 19:00:00+00,2017-04-14 22:00:00+00,97
,3776,2017-03-03 21:00:00+00,2017-03-04 00:00:00+00,97
,3777,2017-03-03 16:30:00+00,2017-03-03 23:00:00+00,158
,3778,2017-03-31 15:30:00+00,2017-03-31 22:00:00+00,158
,3779,2017-03-17 15:30:00+00,2017-03-17 22:00:00+00,158
,3780,2017-03-24 15:30:00+00,2017-03-24 22:00:00+00,158
,3781,2017-04-14 15:30:00+00,2017-04-14 22:00:00+00,158
,3782,2017-04-07 15:30:00+00,2017-04-07 22:00:00+00,158
,3783,2017-03-10 16:30:00+00,2017-03-10 23:00:00+00,158
,3791,2017-04-14 15:00:00+00,2017-04-15 03:00:00+00,286871a3-8a62-4e44-9f10-9aeecc898767
,3792,2017-03-03 16:00:00+00,2017-03-04 04:00:00+00,286871a3-8a62-4e44-9f10-9aeecc898767
,3793,2017-03-10 16:00:00+00,2017-03-11 04:00:00+00,286871a3-8a62-4e44-9f10-9aeecc898767
,3794,2017-04-07 15:00:00+00,2017-04-08 03:00:00+00,286871a3-8a62-4e44-9f10-9aeecc898767
,3795,2017-03-24 15:00:00+00,2017-03-25 03:00:00+00,286871a3-8a62-4e44-9f10-9aeecc898767
,3796,2017-03-17 15:00:00+00,2017-03-18 03:00:00+00,286871a3-8a62-4e44-9f10-9aeecc898767
,3797,2017-03-31 15:00:00+00,2017-04-01 03:00:00+00,286871a3-8a62-4e44-9f10-9aeecc898767
,3798,2017-03-03 21:30:00+00,2017-03-04 00:00:00+00,52fb5d33-7364-449f-bb83-3c4a1c26cb7e
,3799,2017-03-31 20:30:00+00,2017-03-31 23:00:00+00,52fb5d33-7364-449f-bb83-3c4a1c26cb7e
,3800,2017-04-07 20:30:00+00,2017-04-07 23:00:00+00,52fb5d33-7364-449f-bb83-3c4a1c26cb7e
,3801,2017-03-17 20:30:00+00,2017-03-17 23:00:00+00,52fb5d33-7364-449f-bb83-3c4a1c26cb7e
,3802,2017-03-10 21:30:00+00,2017-03-11 00:00:00+00,52fb5d33-7364-449f-bb83-3c4a1c26cb7e
,3803,2017-03-24 20:30:00+00,2017-03-24 23:00:00+00,52fb5d33-7364-449f-bb83-3c4a1c26cb7e
,3810,2017-04-07 21:00:00+00,2017-04-08 00:00:00+00,89
,3811,2017-03-24 21:00:00+00,2017-03-25 00:00:00+00,89
,3812,2017-03-17 21:00:00+00,2017-03-18 00:00:00+00,89
,3813,2017-04-14 21:00:00+00,2017-04-15 00:00:00+00,89
,3814,2017-03-10 22:00:00+00,2017-03-11 01:00:00+00,89
,3815,2017-03-03 22:00:00+00,2017-03-04 01:00:00+00,89
,3816,2017-03-31 21:00:00+00,2017-04-01 00:00:00+00,89
,3829,2017-03-17 16:00:00+00,2017-03-18 02:00:00+00,74e9a556-f282-4c86-9de1-8e94ea34258d
,3830,2017-03-31 16:00:00+00,2017-04-01 02:00:00+00,74e9a556-f282-4c86-9de1-8e94ea34258d
,3831,2017-04-07 16:00:00+00,2017-04-08 02:00:00+00,74e9a556-f282-4c86-9de1-8e94ea34258d
,3832,2017-03-10 17:00:00+00,2017-03-11 03:00:00+00,74e9a556-f282-4c86-9de1-8e94ea34258d
,3833,2017-04-14 16:00:00+00,2017-04-15 02:00:00+00,74e9a556-f282-4c86-9de1-8e94ea34258d
,3834,2017-03-03 17:00:00+00,2017-03-04 03:00:00+00,74e9a556-f282-4c86-9de1-8e94ea34258d
,3975,2017-03-31 12:00:00+00,2017-04-01 02:00:00+00,136
,3976,2017-03-17 12:00:00+00,2017-03-18 02:00:00+00,136
,3977,2017-03-24 12:00:00+00,2017-03-25 02:00:00+00,136
,3978,2017-04-14 12:00:00+00,2017-04-15 02:00:00+00,136
,3979,2017-03-03 13:00:00+00,2017-03-04 03:00:00+00,136
,3980,2017-03-10 13:00:00+00,2017-03-11 03:00:00+00,136
,4092,2017-03-10 21:00:00+00,2017-03-11 01:00:00+00,27
,4093,2017-03-24 20:00:00+00,2017-03-25 00:00:00+00,27
,4094,2017-03-17 20:00:00+00,2017-03-18 00:00:00+00,27
,4095,2017-03-17 20:00:00+00,2017-03-18 00:00:00+00,132
,4096,2017-03-10 21:00:00+00,2017-03-11 01:00:00+00,132
,4097,2017-04-14 20:00:00+00,2017-04-15 00:00:00+00,132
,4098,2017-04-07 20:00:00+00,2017-04-08 00:00:00+00,132
,4099,2017-03-31 20:00:00+00,2017-04-01 00:00:00+00,132
,4100,2017-03-24 20:00:00+00,2017-03-25 00:00:00+00,132
,4202,2017-03-31 16:00:00+00,2017-03-31 22:00:00+00,105
,4203,2017-03-10 17:00:00+00,2017-03-10 23:00:00+00,105
,4204,2017-04-07 16:00:00+00,2017-04-07 22:00:00+00,105
,4205,2017-03-24 16:00:00+00,2017-03-24 22:00:00+00,105
,4206,2017-03-03 17:00:00+00,2017-03-03 23:00:00+00,105
,4207,2017-03-17 16:00:00+00,2017-03-17 22:00:00+00,105
,4344,2017-03-17 20:00:00+00,2017-03-17 23:00:00+00,2f056615-b262-47f9-a3b7-35213c350702
,4345,2017-03-10 21:00:00+00,2017-03-11 00:00:00+00,2f056615-b262-47f9-a3b7-35213c350702
,4346,2017-03-03 21:00:00+00,2017-03-04 00:00:00+00,2f056615-b262-47f9-a3b7-35213c350702
,4347,2017-04-07 20:00:00+00,2017-04-07 23:00:00+00,2f056615-b262-47f9-a3b7-35213c350702
,3842,2017-03-31 20:00:00+00,2017-04-01 01:00:00+00,2238237a-d8fb-4a29-afa5-1d7dc05f9258
,3843,2017-04-07 20:00:00+00,2017-04-08 01:00:00+00,2238237a-d8fb-4a29-afa5-1d7dc05f9258
,3844,2017-03-03 21:00:00+00,2017-03-04 02:00:00+00,2238237a-d8fb-4a29-afa5-1d7dc05f9258
,3845,2017-03-17 20:00:00+00,2017-03-18 01:00:00+00,2238237a-d8fb-4a29-afa5-1d7dc05f9258
,3846,2017-03-24 20:00:00+00,2017-03-25 01:00:00+00,2238237a-d8fb-4a29-afa5-1d7dc05f9258
,3847,2017-03-10 21:00:00+00,2017-03-11 02:00:00+00,2238237a-d8fb-4a29-afa5-1d7dc05f9258
,3848,2017-04-14 20:00:00+00,2017-04-15 01:00:00+00,2238237a-d8fb-4a29-afa5-1d7dc05f9258
,3853,2017-03-10 21:30:00+00,2017-03-11 00:00:00+00,504e12b0-7c50-4700-b22f-2f3af9c9ea0b
,3854,2017-03-24 20:30:00+00,2017-03-24 23:00:00+00,504e12b0-7c50-4700-b22f-2f3af9c9ea0b
,3855,2017-03-03 21:30:00+00,2017-03-04 00:00:00+00,504e12b0-7c50-4700-b22f-2f3af9c9ea0b
,3856,2017-03-31 20:30:00+00,2017-03-31 23:00:00+00,504e12b0-7c50-4700-b22f-2f3af9c9ea0b
,3857,2017-03-01 20:00:00+00,2017-03-01 23:30:00+00,abfe4a35-1544-492c-9e7e-a52ea40e8cb6
,3858,2017-03-03 20:00:00+00,2017-03-03 23:30:00+00,abfe4a35-1544-492c-9e7e-a52ea40e8cb6
,3859,2017-03-10 20:00:00+00,2017-03-10 23:30:00+00,abfe4a35-1544-492c-9e7e-a52ea40e8cb6
,3860,2017-04-07 19:00:00+00,2017-04-07 22:30:00+00,abfe4a35-1544-492c-9e7e-a52ea40e8cb6
,3861,2017-03-31 19:00:00+00,2017-03-31 22:30:00+00,abfe4a35-1544-492c-9e7e-a52ea40e8cb6
,3862,2017-03-24 19:00:00+00,2017-03-24 22:30:00+00,abfe4a35-1544-492c-9e7e-a52ea40e8cb6
,3863,2017-03-17 19:00:00+00,2017-03-17 22:30:00+00,abfe4a35-1544-492c-9e7e-a52ea40e8cb6
,3864,2017-03-24 19:30:00+00,2017-03-24 23:00:00+00,48
,3865,2017-03-10 20:30:00+00,2017-03-11 00:00:00+00,48
,3866,2017-03-03 20:30:00+00,2017-03-04 00:00:00+00,48
,3867,2017-04-07 19:30:00+00,2017-04-07 23:00:00+00,48
,3868,2017-03-31 19:30:00+00,2017-03-31 23:00:00+00,48
,3869,2017-03-17 19:30:00+00,2017-03-17 23:00:00+00,48
,3870,2017-04-14 19:30:00+00,2017-04-14 23:00:00+00,48
,3874,2017-03-24 21:00:00+00,2017-03-24 23:30:00+00,da4e5f22-1815-486c-aa0f-9b6dff44eb12
,3875,2017-03-10 22:00:00+00,2017-03-11 00:30:00+00,da4e5f22-1815-486c-aa0f-9b6dff44eb12
,3876,2017-04-07 21:00:00+00,2017-04-07 23:30:00+00,da4e5f22-1815-486c-aa0f-9b6dff44eb12
,3877,2017-03-10 16:00:00+00,2017-03-10 23:00:00+00,04416e2f-f56a-413b-a130-5e1f48aa58c2
,3878,2017-03-03 16:00:00+00,2017-03-03 23:00:00+00,04416e2f-f56a-413b-a130-5e1f48aa58c2
,3879,2017-03-31 15:00:00+00,2017-03-31 22:00:00+00,04416e2f-f56a-413b-a130-5e1f48aa58c2
,3880,2017-03-24 15:00:00+00,2017-03-24 22:00:00+00,04416e2f-f56a-413b-a130-5e1f48aa58c2
,3881,2017-04-07 15:00:00+00,2017-04-07 22:00:00+00,04416e2f-f56a-413b-a130-5e1f48aa58c2
,3882,2017-03-17 15:00:00+00,2017-03-17 22:00:00+00,04416e2f-f56a-413b-a130-5e1f48aa58c2
,3883,2017-04-07 20:00:00+00,2017-04-07 23:00:00+00,103
,3884,2017-03-03 21:00:00+00,2017-03-04 00:00:00+00,103
,3885,2017-04-14 20:00:00+00,2017-04-14 23:00:00+00,103
,3886,2017-03-31 20:00:00+00,2017-03-31 23:00:00+00,103
,3887,2017-03-17 20:00:00+00,2017-03-17 23:00:00+00,103
,3888,2017-03-10 21:00:00+00,2017-03-11 00:00:00+00,103
,3889,2017-03-24 20:00:00+00,2017-03-24 23:00:00+00,103
,3890,2017-03-03 16:00:00+00,2017-03-04 00:00:00+00,120
,3891,2017-03-24 15:00:00+00,2017-03-24 23:00:00+00,120
,3892,2017-04-14 15:00:00+00,2017-04-14 23:00:00+00,120
,3893,2017-04-07 15:00:00+00,2017-04-07 23:00:00+00,120
,3894,2017-03-17 15:00:00+00,2017-03-17 23:00:00+00,120
,3895,2017-03-31 15:00:00+00,2017-03-31 23:00:00+00,120
,3896,2017-03-10 16:00:00+00,2017-03-11 00:00:00+00,120
,3897,2017-03-10 17:00:00+00,2017-03-11 00:00:00+00,53
,3898,2017-03-31 16:00:00+00,2017-03-31 23:00:00+00,53
,3899,2017-03-03 17:00:00+00,2017-03-04 00:00:00+00,53
,3900,2017-03-24 16:00:00+00,2017-03-24 23:00:00+00,53
,3901,2017-03-17 16:00:00+00,2017-03-17 23:00:00+00,53
,3902,2017-04-14 16:00:00+00,2017-04-14 23:00:00+00,53
,3903,2017-04-07 16:00:00+00,2017-04-07 23:00:00+00,53
,3911,2017-03-24 20:00:00+00,2017-03-24 23:00:00+00,52
,3912,2017-03-17 20:00:00+00,2017-03-17 23:00:00+00,52
,3913,2017-03-10 21:00:00+00,2017-03-11 00:00:00+00,52
,3914,2017-04-07 20:00:00+00,2017-04-07 23:00:00+00,52
,3915,2017-04-14 19:00:00+00,2017-04-14 23:00:00+00,52
,3916,2017-03-03 21:00:00+00,2017-03-04 00:00:00+00,52
,3917,2017-03-31 20:00:00+00,2017-03-31 23:00:00+00,52
,3918,2017-03-10 21:00:00+00,2017-03-11 00:00:00+00,51
,3919,2017-03-03 21:00:00+00,2017-03-04 00:00:00+00,51
,3920,2017-03-31 20:00:00+00,2017-03-31 23:00:00+00,51
,3921,2017-03-17 20:00:00+00,2017-03-17 23:00:00+00,51
,3922,2017-04-14 20:00:00+00,2017-04-14 23:00:00+00,51
,3923,2017-04-07 20:00:00+00,2017-04-07 23:00:00+00,51
,3924,2017-03-24 20:00:00+00,2017-03-24 23:00:00+00,51
,3932,2017-03-10 21:00:00+00,2017-03-11 00:00:00+00,133
,3933,2017-03-03 21:00:00+00,2017-03-04 00:00:00+00,133
,3934,2017-03-24 20:00:00+00,2017-03-24 23:00:00+00,133
,3935,2017-04-07 20:00:00+00,2017-04-07 23:00:00+00,133
,3936,2017-03-17 20:00:00+00,2017-03-17 23:00:00+00,133
,3937,2017-04-14 19:00:00+00,2017-04-14 23:00:00+00,133
,3938,2017-03-31 20:00:00+00,2017-03-31 23:00:00+00,133
,3946,2017-04-14 14:00:00+00,2017-04-14 23:00:00+00,139
,3947,2017-03-17 14:00:00+00,2017-03-17 23:00:00+00,139
,3948,2017-03-03 15:00:00+00,2017-03-04 00:00:00+00,139
,3949,2017-03-10 15:00:00+00,2017-03-11 00:00:00+00,139
,3950,2017-03-24 14:00:00+00,2017-03-24 23:00:00+00,139
,3951,2017-03-31 14:00:00+00,2017-03-31 23:00:00+00,139
,3952,2017-04-07 14:00:00+00,2017-04-07 23:00:00+00,139
,3953,2017-03-31 15:00:00+00,2017-03-31 23:00:00+00,112
,3954,2017-03-24 15:00:00+00,2017-03-24 23:00:00+00,112
,3955,2017-03-03 16:00:00+00,2017-03-04 00:00:00+00,112
,3956,2017-03-10 16:00:00+00,2017-03-11 00:00:00+00,112
,3957,2017-03-17 15:00:00+00,2017-03-17 23:00:00+00,112
,3958,2017-04-07 15:00:00+00,2017-04-07 23:00:00+00,112
,3959,2017-04-14 15:00:00+00,2017-04-14 23:00:00+00,112
,3967,2017-03-17 16:00:00+00,2017-03-18 00:00:00+00,171
,3968,2017-03-31 16:00:00+00,2017-04-01 00:00:00+00,171
,3969,2017-03-24 16:00:00+00,2017-03-25 00:00:00+00,171
,3970,2017-04-14 16:00:00+00,2017-04-15 00:00:00+00,171
,3971,2017-04-07 16:00:00+00,2017-04-08 00:00:00+00,171
,3972,2017-03-03 17:00:00+00,2017-03-04 01:00:00+00,171
,3973,2017-03-10 17:00:00+00,2017-03-11 01:00:00+00,171
,3974,2017-04-07 12:00:00+00,2017-04-08 02:00:00+00,136
,3981,2017-03-24 08:30:00+00,2017-03-24 23:30:00+00,3e5dc8d7-ce2d-461e-b369-2bfc2fb45d07
,3982,2017-03-03 09:30:00+00,2017-03-04 00:30:00+00,3e5dc8d7-ce2d-461e-b369-2bfc2fb45d07
,3983,2017-03-17 08:30:00+00,2017-03-17 23:30:00+00,3e5dc8d7-ce2d-461e-b369-2bfc2fb45d07
,3984,2017-03-31 08:30:00+00,2017-03-31 23:30:00+00,3e5dc8d7-ce2d-461e-b369-2bfc2fb45d07
,3985,2017-04-07 08:30:00+00,2017-04-07 23:30:00+00,3e5dc8d7-ce2d-461e-b369-2bfc2fb45d07
,3986,2017-03-10 09:30:00+00,2017-03-11 00:30:00+00,3e5dc8d7-ce2d-461e-b369-2bfc2fb45d07
,3994,2017-03-31 19:00:00+00,2017-03-31 23:00:00+00,113
,3995,2017-04-14 15:00:00+00,2017-04-15 03:00:00+00,113
,3996,2017-03-17 19:00:00+00,2017-03-17 23:00:00+00,113
,3997,2017-03-03 20:00:00+00,2017-03-04 00:00:00+00,113
,3998,2017-03-10 20:00:00+00,2017-03-11 00:00:00+00,113
,3999,2017-03-24 19:00:00+00,2017-03-24 23:00:00+00,113
,4000,2017-04-07 19:00:00+00,2017-04-07 23:00:00+00,113
,4001,2017-03-24 11:00:00+00,2017-03-25 03:45:00+00,163
,4002,2017-03-10 12:00:00+00,2017-03-11 04:45:00+00,163
,4003,2017-03-31 11:00:00+00,2017-04-01 03:45:00+00,163
,4004,2017-03-17 11:00:00+00,2017-03-18 03:45:00+00,163
,4005,2017-04-14 11:00:00+00,2017-04-15 03:45:00+00,163
,4006,2017-04-07 11:00:00+00,2017-04-08 03:45:00+00,163
,4007,2017-03-03 12:00:00+00,2017-03-04 04:45:00+00,163
,4008,2017-03-31 15:00:00+00,2017-03-31 22:00:00+00,131
,4009,2017-03-03 16:00:00+00,2017-03-03 23:00:00+00,131
,4010,2017-03-10 16:00:00+00,2017-03-10 23:00:00+00,131
,4011,2017-04-14 15:00:00+00,2017-04-14 22:00:00+00,131
,4012,2017-04-07 15:00:00+00,2017-04-07 22:00:00+00,131
,4013,2017-03-17 15:00:00+00,2017-03-17 22:00:00+00,131
,4014,2017-03-24 15:00:00+00,2017-03-24 22:00:00+00,131
,4015,2017-03-17 16:00:00+00,2017-03-17 22:00:00+00,29
,4016,2017-04-07 16:00:00+00,2017-04-07 22:00:00+00,29
,4017,2017-03-10 17:00:00+00,2017-03-10 23:00:00+00,29
,4018,2017-03-24 16:00:00+00,2017-03-24 22:00:00+00,29
,4019,2017-03-03 17:00:00+00,2017-03-03 23:00:00+00,29
,4020,2017-03-31 16:00:00+00,2017-03-31 22:00:00+00,29
,4021,2017-04-14 16:00:00+00,2017-04-14 22:00:00+00,29
,4022,2017-03-24 20:00:00+00,2017-03-24 23:00:00+00,127
,4023,2017-03-31 20:00:00+00,2017-03-31 23:00:00+00,127
,4024,2017-04-07 20:00:00+00,2017-04-07 23:00:00+00,127
,4025,2017-03-10 21:00:00+00,2017-03-11 00:00:00+00,127
,4026,2017-03-03 21:00:00+00,2017-03-04 00:00:00+00,127
,4027,2017-04-14 20:00:00+00,2017-04-14 23:00:00+00,127
,4028,2017-03-17 20:00:00+00,2017-03-17 23:00:00+00,127
,4029,2017-03-24 20:00:00+00,2017-03-25 00:00:00+00,91
,4030,2017-03-17 20:00:00+00,2017-03-18 00:00:00+00,91
,4031,2017-03-10 21:00:00+00,2017-03-11 01:00:00+00,91
,4032,2017-04-14 20:00:00+00,2017-04-15 00:00:00+00,91
,4033,2017-04-07 20:00:00+00,2017-04-08 00:00:00+00,91
,4034,2017-03-03 21:00:00+00,2017-03-04 01:00:00+00,91
,4035,2017-03-31 20:00:00+00,2017-04-01 00:00:00+00,91
,4036,2017-04-14 14:30:00+00,2017-04-15 01:00:00+00,145
,4037,2017-03-31 14:30:00+00,2017-04-01 01:00:00+00,145
,4038,2017-03-24 14:30:00+00,2017-03-25 01:00:00+00,145
,4039,2017-04-07 14:30:00+00,2017-04-08 01:00:00+00,145
,4040,2017-03-10 15:30:00+00,2017-03-11 02:00:00+00,145
,4041,2017-03-17 14:30:00+00,2017-03-18 01:00:00+00,145
,4042,2017-03-03 15:30:00+00,2017-03-04 02:00:00+00,145
,4043,2017-03-03 22:00:00+00,2017-03-04 01:00:00+00,141
,4044,2017-04-14 21:00:00+00,2017-04-15 00:00:00+00,141
,4045,2017-03-24 21:00:00+00,2017-03-25 00:00:00+00,141
,4046,2017-04-07 21:00:00+00,2017-04-08 00:00:00+00,141
,4047,2017-03-17 21:00:00+00,2017-03-18 00:00:00+00,141
,4048,2017-03-31 21:00:00+00,2017-04-01 00:00:00+00,141
,4049,2017-03-10 22:00:00+00,2017-03-11 01:00:00+00,141
,4050,2017-03-03 05:00:00+00,2017-04-15 03:00:00+00,0391530a-7790-4155-b938-974ef81571fe
,4051,2017-04-07 15:00:00+00,2017-04-08 00:00:00+00,7f61708f-cd58-4e0e-b857-086cfe93122b
,4052,2017-03-24 15:00:00+00,2017-03-25 00:00:00+00,7f61708f-cd58-4e0e-b857-086cfe93122b
,4053,2017-03-03 16:00:00+00,2017-03-04 01:00:00+00,7f61708f-cd58-4e0e-b857-086cfe93122b
,4054,2017-03-31 15:00:00+00,2017-04-01 00:00:00+00,7f61708f-cd58-4e0e-b857-086cfe93122b
,4055,2017-03-17 15:00:00+00,2017-03-18 00:00:00+00,7f61708f-cd58-4e0e-b857-086cfe93122b
,4056,2017-04-14 15:00:00+00,2017-04-15 00:00:00+00,7f61708f-cd58-4e0e-b857-086cfe93122b
,4057,2017-03-10 16:00:00+00,2017-03-11 01:00:00+00,7f61708f-cd58-4e0e-b857-086cfe93122b
,4065,2017-03-03 21:00:00+00,2017-03-04 00:00:00+00,5fb9890d-8614-48c1-8075-037e9c6db10a
,4066,2017-03-17 20:00:00+00,2017-03-17 23:00:00+00,5fb9890d-8614-48c1-8075-037e9c6db10a
,4067,2017-04-07 20:00:00+00,2017-04-07 23:00:00+00,5fb9890d-8614-48c1-8075-037e9c6db10a
,4068,2017-03-31 20:00:00+00,2017-03-31 23:00:00+00,5fb9890d-8614-48c1-8075-037e9c6db10a
,4069,2017-03-24 20:00:00+00,2017-03-24 23:00:00+00,5fb9890d-8614-48c1-8075-037e9c6db10a
,4070,2017-03-10 21:00:00+00,2017-03-11 00:00:00+00,5fb9890d-8614-48c1-8075-037e9c6db10a
,4071,2017-03-31 16:00:00+00,2017-03-31 23:00:00+00,e33e0fb8-f593-4e10-95c9-e798f232501f
,4072,2017-04-14 16:00:00+00,2017-04-14 23:00:00+00,e33e0fb8-f593-4e10-95c9-e798f232501f
,4073,2017-03-17 16:00:00+00,2017-03-17 23:00:00+00,e33e0fb8-f593-4e10-95c9-e798f232501f
,4074,2017-03-10 17:00:00+00,2017-03-11 00:00:00+00,e33e0fb8-f593-4e10-95c9-e798f232501f
,4075,2017-03-24 16:00:00+00,2017-03-24 23:00:00+00,e33e0fb8-f593-4e10-95c9-e798f232501f
,4076,2017-04-07 16:00:00+00,2017-04-07 23:00:00+00,e33e0fb8-f593-4e10-95c9-e798f232501f
,4077,2017-04-07 20:00:00+00,2017-04-07 23:00:00+00,10
,4078,2017-03-24 20:00:00+00,2017-03-24 23:00:00+00,10
,4079,2017-04-14 20:00:00+00,2017-04-14 23:00:00+00,10
,4080,2017-03-10 21:00:00+00,2017-03-11 00:00:00+00,10
,4081,2017-03-31 20:00:00+00,2017-03-31 23:00:00+00,10
,4082,2017-03-17 20:00:00+00,2017-03-17 23:00:00+00,10
,4083,2017-04-14 15:00:00+00,2017-04-14 23:00:00+00,71
,4084,2017-03-31 15:00:00+00,2017-03-31 23:00:00+00,71
,4085,2017-03-24 15:00:00+00,2017-03-24 23:00:00+00,71
,4086,2017-04-07 15:00:00+00,2017-04-07 23:00:00+00,71
,4087,2017-03-17 15:00:00+00,2017-03-17 23:00:00+00,71
,4088,2017-03-10 16:00:00+00,2017-03-11 00:00:00+00,71
,4089,2017-03-31 20:00:00+00,2017-04-01 00:00:00+00,27
,4090,2017-04-07 20:00:00+00,2017-04-08 00:00:00+00,27
,4091,2017-04-14 20:00:00+00,2017-04-15 00:00:00+00,27
,4101,2017-04-07 15:00:00+00,2017-04-07 18:00:00+00,ebf094ad-6485-4ab2-bf3a-4a221a8da3e0
,4102,2017-03-17 15:00:00+00,2017-03-17 18:00:00+00,ebf094ad-6485-4ab2-bf3a-4a221a8da3e0
,4103,2017-03-24 15:00:00+00,2017-03-24 18:00:00+00,ebf094ad-6485-4ab2-bf3a-4a221a8da3e0
,4104,2017-03-31 15:00:00+00,2017-03-31 18:00:00+00,ebf094ad-6485-4ab2-bf3a-4a221a8da3e0
,4105,2017-03-10 16:00:00+00,2017-03-10 19:00:00+00,ebf094ad-6485-4ab2-bf3a-4a221a8da3e0
,4106,2017-03-03 16:00:00+00,2017-03-04 00:00:00+00,3939377f-dda5-42f3-b911-d4b9c84771d1
,4107,2017-04-14 15:00:00+00,2017-04-14 23:00:00+00,3939377f-dda5-42f3-b911-d4b9c84771d1
,4108,2017-03-24 15:00:00+00,2017-03-24 23:00:00+00,3939377f-dda5-42f3-b911-d4b9c84771d1
,4109,2017-03-31 15:00:00+00,2017-03-31 23:00:00+00,3939377f-dda5-42f3-b911-d4b9c84771d1
,4110,2017-04-07 15:00:00+00,2017-04-07 23:00:00+00,3939377f-dda5-42f3-b911-d4b9c84771d1
,4111,2017-03-10 16:00:00+00,2017-03-11 00:00:00+00,3939377f-dda5-42f3-b911-d4b9c84771d1
,4112,2017-03-17 15:00:00+00,2017-03-17 23:00:00+00,3939377f-dda5-42f3-b911-d4b9c84771d1
,4113,2017-03-01 21:00:00+00,2017-03-02 00:00:00+00,d15e9724-689a-45b9-ae50-2835773268bf
,4114,2017-03-31 20:00:00+00,2017-03-31 23:00:00+00,d15e9724-689a-45b9-ae50-2835773268bf
,4115,2017-03-17 20:00:00+00,2017-03-17 23:00:00+00,d15e9724-689a-45b9-ae50-2835773268bf
,4116,2017-04-07 20:00:00+00,2017-04-07 23:00:00+00,d15e9724-689a-45b9-ae50-2835773268bf
,4117,2017-03-10 21:00:00+00,2017-03-11 00:00:00+00,d15e9724-689a-45b9-ae50-2835773268bf
,4118,2017-03-24 20:00:00+00,2017-03-24 23:00:00+00,d15e9724-689a-45b9-ae50-2835773268bf
,4119,2017-03-03 21:00:00+00,2017-03-04 00:00:00+00,d15e9724-689a-45b9-ae50-2835773268bf
,4120,2017-03-24 20:00:00+00,2017-03-24 22:30:00+00,a942e4e8-6ad2-40c3-bc79-b7d2e90f6713
,4121,2017-03-03 21:00:00+00,2017-03-03 23:30:00+00,a942e4e8-6ad2-40c3-bc79-b7d2e90f6713
,4122,2017-03-31 20:00:00+00,2017-03-31 22:30:00+00,a942e4e8-6ad2-40c3-bc79-b7d2e90f6713
,4123,2017-03-10 21:00:00+00,2017-03-10 23:30:00+00,a942e4e8-6ad2-40c3-bc79-b7d2e90f6713
,4124,2017-04-07 20:00:00+00,2017-04-07 22:30:00+00,a942e4e8-6ad2-40c3-bc79-b7d2e90f6713
,4125,2017-03-17 20:00:00+00,2017-03-17 22:30:00+00,a942e4e8-6ad2-40c3-bc79-b7d2e90f6713
,4126,2017-03-03 16:00:00+00,2017-03-04 00:00:00+00,b5204a05-8bf3-43ed-8df9-be05fea7cc33
,4127,2017-03-01 16:00:00+00,2017-03-02 00:00:00+00,b5204a05-8bf3-43ed-8df9-be05fea7cc33
,4128,2017-03-31 12:00:00+00,2017-03-31 22:00:00+00,99
,4129,2017-04-07 12:00:00+00,2017-04-07 22:00:00+00,99
,4130,2017-04-14 12:00:00+00,2017-04-14 22:00:00+00,99
,4131,2017-03-24 12:00:00+00,2017-03-24 22:00:00+00,99
,4132,2017-03-17 12:00:00+00,2017-03-17 22:00:00+00,99
,4133,2017-03-17 20:00:00+00,2017-03-17 23:00:00+00,83
,4134,2017-03-31 20:00:00+00,2017-03-31 23:00:00+00,83
,4135,2017-03-24 20:00:00+00,2017-03-24 23:00:00+00,83
,4136,2017-04-07 20:00:00+00,2017-04-07 23:00:00+00,83
,4137,2017-04-14 20:00:00+00,2017-04-14 23:00:00+00,83
,4143,2017-03-31 15:00:00+00,2017-03-31 18:00:00+00,42
,4144,2017-04-14 20:00:00+00,2017-04-14 23:00:00+00,42
,4145,2017-03-17 20:00:00+00,2017-03-17 23:00:00+00,42
,4146,2017-04-07 20:00:00+00,2017-04-07 23:00:00+00,42
,4147,2017-03-24 20:00:00+00,2017-03-24 23:00:00+00,42
,4148,2017-03-24 15:00:00+00,2017-03-24 18:00:00+00,42
,4149,2017-03-31 20:00:00+00,2017-03-31 23:00:00+00,42
,4150,2017-04-07 15:00:00+00,2017-04-07 18:00:00+00,42
,4151,2017-04-14 15:00:00+00,2017-04-14 18:00:00+00,42
,4152,2017-03-17 15:00:00+00,2017-03-17 18:00:00+00,42
,4153,2017-03-24 19:00:00+00,2017-03-24 23:00:00+00,ec57d6db-53c0-48b2-869e-8bb8dec1aa3a
,4154,2017-03-31 19:00:00+00,2017-03-31 23:00:00+00,ec57d6db-53c0-48b2-869e-8bb8dec1aa3a
,4155,2017-03-10 20:00:00+00,2017-03-11 00:00:00+00,ec57d6db-53c0-48b2-869e-8bb8dec1aa3a
,4156,2017-03-17 19:00:00+00,2017-03-17 23:00:00+00,ec57d6db-53c0-48b2-869e-8bb8dec1aa3a
,4157,2017-04-07 19:00:00+00,2017-04-07 23:00:00+00,ec57d6db-53c0-48b2-869e-8bb8dec1aa3a
,4158,2017-04-14 19:00:00+00,2017-04-14 23:00:00+00,ec57d6db-53c0-48b2-869e-8bb8dec1aa3a
,4159,2017-03-01 20:00:00+00,2017-03-02 00:00:00+00,ec57d6db-53c0-48b2-869e-8bb8dec1aa3a
,4160,2017-03-03 20:00:00+00,2017-03-04 00:00:00+00,ec57d6db-53c0-48b2-869e-8bb8dec1aa3a
,4161,2017-03-31 20:30:00+00,2017-03-31 22:30:00+00,57
,4162,2017-03-24 20:30:00+00,2017-03-24 22:30:00+00,57
,4163,2017-03-17 20:30:00+00,2017-03-17 22:30:00+00,57
,4164,2017-04-07 20:30:00+00,2017-04-07 22:30:00+00,57
,4169,2017-03-17 20:00:00+00,2017-03-17 23:00:00+00,56
,4170,2017-03-24 20:00:00+00,2017-03-24 23:00:00+00,56
,4171,2017-04-07 20:00:00+00,2017-04-07 23:00:00+00,56
,4172,2017-03-31 20:00:00+00,2017-03-31 23:00:00+00,56
,4173,2017-04-14 15:30:00+00,2017-04-14 22:30:00+00,78
,4174,2017-04-14 15:00:00+00,2017-04-15 02:00:00+00,3804500d-47f6-4f38-96cf-e4ecf236ded4
,4175,2017-04-07 15:00:00+00,2017-04-08 02:00:00+00,3804500d-47f6-4f38-96cf-e4ecf236ded4
,4176,2017-03-24 15:00:00+00,2017-03-25 02:00:00+00,3804500d-47f6-4f38-96cf-e4ecf236ded4
,4177,2017-03-31 15:00:00+00,2017-04-01 02:00:00+00,3804500d-47f6-4f38-96cf-e4ecf236ded4
,4178,2017-03-17 15:00:00+00,2017-03-18 02:00:00+00,3804500d-47f6-4f38-96cf-e4ecf236ded4
,4179,2017-04-07 20:00:00+00,2017-04-07 23:00:00+00,104
,4180,2017-03-24 20:00:00+00,2017-03-24 23:00:00+00,104
,4181,2017-03-17 20:00:00+00,2017-03-17 23:00:00+00,104
,4182,2017-04-14 20:00:00+00,2017-04-14 23:00:00+00,104
,4183,2017-03-31 20:00:00+00,2017-03-31 23:00:00+00,104
,4184,2017-03-24 20:00:00+00,2017-03-25 00:00:00+00,118
,4185,2017-04-07 20:00:00+00,2017-04-08 00:00:00+00,118
,4186,2017-03-17 20:00:00+00,2017-03-18 00:00:00+00,118
,4187,2017-04-14 20:00:00+00,2017-04-15 00:00:00+00,118
,4188,2017-03-31 20:00:00+00,2017-04-01 00:00:00+00,118
,4189,2017-03-31 15:00:00+00,2017-03-31 23:00:00+00,140
,4190,2017-04-07 15:00:00+00,2017-04-07 23:00:00+00,140
,4191,2017-04-14 15:00:00+00,2017-04-14 23:00:00+00,140
,4192,2017-03-17 15:00:00+00,2017-03-17 23:00:00+00,140
,4193,2017-03-24 15:00:00+00,2017-03-24 23:00:00+00,140
,4194,2017-03-01 16:00:00+00,2017-03-02 00:00:00+00,51cb2e6b-b9d8-4b6b-86d3-64df51eb1699
,4195,2017-04-14 15:00:00+00,2017-04-14 23:00:00+00,51cb2e6b-b9d8-4b6b-86d3-64df51eb1699
,4196,2017-04-07 20:00:00+00,2017-04-07 23:00:00+00,d653f9a0-7eaa-4911-b152-3a29211c7097
,4197,2017-03-10 21:00:00+00,2017-03-11 00:00:00+00,d653f9a0-7eaa-4911-b152-3a29211c7097
,4198,2017-03-31 20:00:00+00,2017-03-31 23:00:00+00,d653f9a0-7eaa-4911-b152-3a29211c7097
,4199,2017-03-17 20:00:00+00,2017-03-17 23:00:00+00,d653f9a0-7eaa-4911-b152-3a29211c7097
,4200,2017-03-24 20:00:00+00,2017-03-24 23:00:00+00,d653f9a0-7eaa-4911-b152-3a29211c7097
,4201,2017-03-03 21:00:00+00,2017-03-04 00:00:00+00,d653f9a0-7eaa-4911-b152-3a29211c7097
